Mittari;Aika;val
Tapausten lukumäärä;Vuosi 2020 Viikko 06;1
Testausmäärä;Vuosi 2020 Viikko 06;
Koronaan ajallisesti liittyvät kuolemat (30 vrk), tartuntatautirekisteri;Vuosi 2020 Viikko 06;
Koronasta johtuvat kuolemat, kuolintodistus (alustava tieto);Vuosi 2020 Viikko 06;
Kuolemat joissa korona myötävaikuttavana tekijänä, kuolintodistus (alustava tieto);Vuosi 2020 Viikko 06;
Tapausten lukumäärä;Vuosi 2020 Viikko 07;0
Testausmäärä;Vuosi 2020 Viikko 07;
Koronaan ajallisesti liittyvät kuolemat (30 vrk), tartuntatautirekisteri;Vuosi 2020 Viikko 07;
Koronasta johtuvat kuolemat, kuolintodistus (alustava tieto);Vuosi 2020 Viikko 07;
Kuolemat joissa korona myötävaikuttavana tekijänä, kuolintodistus (alustava tieto);Vuosi 2020 Viikko 07;
Tapausten lukumäärä;Vuosi 2020 Viikko 08;1
Testausmäärä;Vuosi 2020 Viikko 08;
Koronaan ajallisesti liittyvät kuolemat (30 vrk), tartuntatautirekisteri;Vuosi 2020 Viikko 08;
Koronasta johtuvat kuolemat, kuolintodistus (alustava tieto);Vuosi 2020 Viikko 08;
Kuolemat joissa korona myötävaikuttavana tekijänä, kuolintodistus (alustava tieto);Vuosi 2020 Viikko 08;
Tapausten lukumäärä;Vuosi 2020 Viikko 09;7
Testausmäärä;Vuosi 2020 Viikko 09;415
Koronaan ajallisesti liittyvät kuolemat (30 vrk), tartuntatautirekisteri;Vuosi 2020 Viikko 09;
Koronasta johtuvat kuolemat, kuolintodistus (alustava tieto);Vuosi 2020 Viikko 09;
Kuolemat joissa korona myötävaikuttavana tekijänä, kuolintodistus (alustava tieto);Vuosi 2020 Viikko 09;
Tapausten lukumäärä;Vuosi 2020 Viikko 10;51
Testausmäärä;Vuosi 2020 Viikko 10;477
Koronaan ajallisesti liittyvät kuolemat (30 vrk), tartuntatautirekisteri;Vuosi 2020 Viikko 10;1
Koronasta johtuvat kuolemat, kuolintodistus (alustava tieto);Vuosi 2020 Viikko 10;
Kuolemat joissa korona myötävaikuttavana tekijänä, kuolintodistus (alustava tieto);Vuosi 2020 Viikko 10;
Tapausten lukumäärä;Vuosi 2020 Viikko 11;351
Testausmäärä;Vuosi 2020 Viikko 11;3156
Koronaan ajallisesti liittyvät kuolemat (30 vrk), tartuntatautirekisteri;Vuosi 2020 Viikko 11;3
Koronasta johtuvat kuolemat, kuolintodistus (alustava tieto);Vuosi 2020 Viikko 11;
Kuolemat joissa korona myötävaikuttavana tekijänä, kuolintodistus (alustava tieto);Vuosi 2020 Viikko 11;
Tapausten lukumäärä;Vuosi 2020 Viikko 12;571
Testausmäärä;Vuosi 2020 Viikko 12;8189
Koronaan ajallisesti liittyvät kuolemat (30 vrk), tartuntatautirekisteri;Vuosi 2020 Viikko 12;11
Koronasta johtuvat kuolemat, kuolintodistus (alustava tieto);Vuosi 2020 Viikko 12;1
Kuolemat joissa korona myötävaikuttavana tekijänä, kuolintodistus (alustava tieto);Vuosi 2020 Viikko 12;0
Tapausten lukumäärä;Vuosi 2020 Viikko 13;684
Testausmäärä;Vuosi 2020 Viikko 13;10147
Koronaan ajallisesti liittyvät kuolemat (30 vrk), tartuntatautirekisteri;Vuosi 2020 Viikko 13;36
Koronasta johtuvat kuolemat, kuolintodistus (alustava tieto);Vuosi 2020 Viikko 13;11
Kuolemat joissa korona myötävaikuttavana tekijänä, kuolintodistus (alustava tieto);Vuosi 2020 Viikko 13;0
Tapausten lukumäärä;Vuosi 2020 Viikko 14;1044
Testausmäärä;Vuosi 2020 Viikko 14;13606
Koronaan ajallisesti liittyvät kuolemat (30 vrk), tartuntatautirekisteri;Vuosi 2020 Viikko 14;43
Koronasta johtuvat kuolemat, kuolintodistus (alustava tieto);Vuosi 2020 Viikko 14;30
Kuolemat joissa korona myötävaikuttavana tekijänä, kuolintodistus (alustava tieto);Vuosi 2020 Viikko 14;1
Tapausten lukumäärä;Vuosi 2020 Viikko 15;841
Testausmäärä;Vuosi 2020 Viikko 15;15125
Koronaan ajallisesti liittyvät kuolemat (30 vrk), tartuntatautirekisteri;Vuosi 2020 Viikko 15;65
Koronasta johtuvat kuolemat, kuolintodistus (alustava tieto);Vuosi 2020 Viikko 15;39
Kuolemat joissa korona myötävaikuttavana tekijänä, kuolintodistus (alustava tieto);Vuosi 2020 Viikko 15;3
Tapausten lukumäärä;Vuosi 2020 Viikko 16;817
Testausmäärä;Vuosi 2020 Viikko 16;17832
Koronaan ajallisesti liittyvät kuolemat (30 vrk), tartuntatautirekisteri;Vuosi 2020 Viikko 16;69
Koronasta johtuvat kuolemat, kuolintodistus (alustava tieto);Vuosi 2020 Viikko 16;59
Kuolemat joissa korona myötävaikuttavana tekijänä, kuolintodistus (alustava tieto);Vuosi 2020 Viikko 16;6
Tapausten lukumäärä;Vuosi 2020 Viikko 17;717
Testausmäärä;Vuosi 2020 Viikko 17;23832
Koronaan ajallisesti liittyvät kuolemat (30 vrk), tartuntatautirekisteri;Vuosi 2020 Viikko 17;25
Koronasta johtuvat kuolemat, kuolintodistus (alustava tieto);Vuosi 2020 Viikko 17;46
Kuolemat joissa korona myötävaikuttavana tekijänä, kuolintodistus (alustava tieto);Vuosi 2020 Viikko 17;6
Tapausten lukumäärä;Vuosi 2020 Viikko 18;635
Testausmäärä;Vuosi 2020 Viikko 18;20691
Koronaan ajallisesti liittyvät kuolemat (30 vrk), tartuntatautirekisteri;Vuosi 2020 Viikko 18;22
Koronasta johtuvat kuolemat, kuolintodistus (alustava tieto);Vuosi 2020 Viikko 18;37
Kuolemat joissa korona myötävaikuttavana tekijänä, kuolintodistus (alustava tieto);Vuosi 2020 Viikko 18;9
Tapausten lukumäärä;Vuosi 2020 Viikko 19;575
Testausmäärä;Vuosi 2020 Viikko 19;21570
Koronaan ajallisesti liittyvät kuolemat (30 vrk), tartuntatautirekisteri;Vuosi 2020 Viikko 19;17
Koronasta johtuvat kuolemat, kuolintodistus (alustava tieto);Vuosi 2020 Viikko 19;30
Kuolemat joissa korona myötävaikuttavana tekijänä, kuolintodistus (alustava tieto);Vuosi 2020 Viikko 19;7
Tapausten lukumäärä;Vuosi 2020 Viikko 20;349
Testausmäärä;Vuosi 2020 Viikko 20;24437
Koronaan ajallisesti liittyvät kuolemat (30 vrk), tartuntatautirekisteri;Vuosi 2020 Viikko 20;9
Koronasta johtuvat kuolemat, kuolintodistus (alustava tieto);Vuosi 2020 Viikko 20;16
Kuolemat joissa korona myötävaikuttavana tekijänä, kuolintodistus (alustava tieto);Vuosi 2020 Viikko 20;4
Tapausten lukumäärä;Vuosi 2020 Viikko 21;222
Testausmäärä;Vuosi 2020 Viikko 21;19751
Koronaan ajallisesti liittyvät kuolemat (30 vrk), tartuntatautirekisteri;Vuosi 2020 Viikko 21;3
Koronasta johtuvat kuolemat, kuolintodistus (alustava tieto);Vuosi 2020 Viikko 21;10
Kuolemat joissa korona myötävaikuttavana tekijänä, kuolintodistus (alustava tieto);Vuosi 2020 Viikko 21;2
Tapausten lukumäärä;Vuosi 2020 Viikko 22;136
Testausmäärä;Vuosi 2020 Viikko 22;17321
Koronaan ajallisesti liittyvät kuolemat (30 vrk), tartuntatautirekisteri;Vuosi 2020 Viikko 22;1
Koronasta johtuvat kuolemat, kuolintodistus (alustava tieto);Vuosi 2020 Viikko 22;6
Kuolemat joissa korona myötävaikuttavana tekijänä, kuolintodistus (alustava tieto);Vuosi 2020 Viikko 22;3
Tapausten lukumäärä;Vuosi 2020 Viikko 23;92
Testausmäärä;Vuosi 2020 Viikko 23;15700
Koronaan ajallisesti liittyvät kuolemat (30 vrk), tartuntatautirekisteri;Vuosi 2020 Viikko 23;0
Koronasta johtuvat kuolemat, kuolintodistus (alustava tieto);Vuosi 2020 Viikko 23;5
Kuolemat joissa korona myötävaikuttavana tekijänä, kuolintodistus (alustava tieto);Vuosi 2020 Viikko 23;1
Tapausten lukumäärä;Vuosi 2020 Viikko 24;60
Testausmäärä;Vuosi 2020 Viikko 24;15653
Koronaan ajallisesti liittyvät kuolemat (30 vrk), tartuntatautirekisteri;Vuosi 2020 Viikko 24;0
Koronasta johtuvat kuolemat, kuolintodistus (alustava tieto);Vuosi 2020 Viikko 24;2
Kuolemat joissa korona myötävaikuttavana tekijänä, kuolintodistus (alustava tieto);Vuosi 2020 Viikko 24;1
Tapausten lukumäärä;Vuosi 2020 Viikko 25;40
Testausmäärä;Vuosi 2020 Viikko 25;12268
Koronaan ajallisesti liittyvät kuolemat (30 vrk), tartuntatautirekisteri;Vuosi 2020 Viikko 25;2
Koronasta johtuvat kuolemat, kuolintodistus (alustava tieto);Vuosi 2020 Viikko 25;2
Kuolemat joissa korona myötävaikuttavana tekijänä, kuolintodistus (alustava tieto);Vuosi 2020 Viikko 25;0
Tapausten lukumäärä;Vuosi 2020 Viikko 26;65
Testausmäärä;Vuosi 2020 Viikko 26;14051
Koronaan ajallisesti liittyvät kuolemat (30 vrk), tartuntatautirekisteri;Vuosi 2020 Viikko 26;2
Koronasta johtuvat kuolemat, kuolintodistus (alustava tieto);Vuosi 2020 Viikko 26;1
Kuolemat joissa korona myötävaikuttavana tekijänä, kuolintodistus (alustava tieto);Vuosi 2020 Viikko 26;0
Tapausten lukumäärä;Vuosi 2020 Viikko 27;38
Testausmäärä;Vuosi 2020 Viikko 27;18817
Koronaan ajallisesti liittyvät kuolemat (30 vrk), tartuntatautirekisteri;Vuosi 2020 Viikko 27;0
Koronasta johtuvat kuolemat, kuolintodistus (alustava tieto);Vuosi 2020 Viikko 27;1
Kuolemat joissa korona myötävaikuttavana tekijänä, kuolintodistus (alustava tieto);Vuosi 2020 Viikko 27;0
Tapausten lukumäärä;Vuosi 2020 Viikko 28;36
Testausmäärä;Vuosi 2020 Viikko 28;26943
Koronaan ajallisesti liittyvät kuolemat (30 vrk), tartuntatautirekisteri;Vuosi 2020 Viikko 28;0
Koronasta johtuvat kuolemat, kuolintodistus (alustava tieto);Vuosi 2020 Viikko 28;0
Kuolemat joissa korona myötävaikuttavana tekijänä, kuolintodistus (alustava tieto);Vuosi 2020 Viikko 28;0
Tapausten lukumäärä;Vuosi 2020 Viikko 29;49
Testausmäärä;Vuosi 2020 Viikko 29;30425
Koronaan ajallisesti liittyvät kuolemat (30 vrk), tartuntatautirekisteri;Vuosi 2020 Viikko 29;1
Koronasta johtuvat kuolemat, kuolintodistus (alustava tieto);Vuosi 2020 Viikko 29;0
Kuolemat joissa korona myötävaikuttavana tekijänä, kuolintodistus (alustava tieto);Vuosi 2020 Viikko 29;0
Tapausten lukumäärä;Vuosi 2020 Viikko 30;56
Testausmäärä;Vuosi 2020 Viikko 30;30181
Koronaan ajallisesti liittyvät kuolemat (30 vrk), tartuntatautirekisteri;Vuosi 2020 Viikko 30;0
Koronasta johtuvat kuolemat, kuolintodistus (alustava tieto);Vuosi 2020 Viikko 30;1
Kuolemat joissa korona myötävaikuttavana tekijänä, kuolintodistus (alustava tieto);Vuosi 2020 Viikko 30;0
Tapausten lukumäärä;Vuosi 2020 Viikko 31;107
Testausmäärä;Vuosi 2020 Viikko 31;36488
Koronaan ajallisesti liittyvät kuolemat (30 vrk), tartuntatautirekisteri;Vuosi 2020 Viikko 31;3
Koronasta johtuvat kuolemat, kuolintodistus (alustava tieto);Vuosi 2020 Viikko 31;2
Kuolemat joissa korona myötävaikuttavana tekijänä, kuolintodistus (alustava tieto);Vuosi 2020 Viikko 31;0
Tapausten lukumäärä;Vuosi 2020 Viikko 32;150
Testausmäärä;Vuosi 2020 Viikko 32;50796
Koronaan ajallisesti liittyvät kuolemat (30 vrk), tartuntatautirekisteri;Vuosi 2020 Viikko 32;0
Koronasta johtuvat kuolemat, kuolintodistus (alustava tieto);Vuosi 2020 Viikko 32;2
Kuolemat joissa korona myötävaikuttavana tekijänä, kuolintodistus (alustava tieto);Vuosi 2020 Viikko 32;0
Tapausten lukumäärä;Vuosi 2020 Viikko 33;187
Testausmäärä;Vuosi 2020 Viikko 33;76194
Koronaan ajallisesti liittyvät kuolemat (30 vrk), tartuntatautirekisteri;Vuosi 2020 Viikko 33;1
Koronasta johtuvat kuolemat, kuolintodistus (alustava tieto);Vuosi 2020 Viikko 33;0
Kuolemat joissa korona myötävaikuttavana tekijänä, kuolintodistus (alustava tieto);Vuosi 2020 Viikko 33;1
Tapausten lukumäärä;Vuosi 2020 Viikko 34;182
Testausmäärä;Vuosi 2020 Viikko 34;102209
Koronaan ajallisesti liittyvät kuolemat (30 vrk), tartuntatautirekisteri;Vuosi 2020 Viikko 34;0
Koronasta johtuvat kuolemat, kuolintodistus (alustava tieto);Vuosi 2020 Viikko 34;1
Kuolemat joissa korona myötävaikuttavana tekijänä, kuolintodistus (alustava tieto);Vuosi 2020 Viikko 34;0
Tapausten lukumäärä;Vuosi 2020 Viikko 35;186
Testausmäärä;Vuosi 2020 Viikko 35;106764
Koronaan ajallisesti liittyvät kuolemat (30 vrk), tartuntatautirekisteri;Vuosi 2020 Viikko 35;1
Koronasta johtuvat kuolemat, kuolintodistus (alustava tieto);Vuosi 2020 Viikko 35;0
Kuolemat joissa korona myötävaikuttavana tekijänä, kuolintodistus (alustava tieto);Vuosi 2020 Viikko 35;0
Tapausten lukumäärä;Vuosi 2020 Viikko 36;232
Testausmäärä;Vuosi 2020 Viikko 36;96634
Koronaan ajallisesti liittyvät kuolemat (30 vrk), tartuntatautirekisteri;Vuosi 2020 Viikko 36;3
Koronasta johtuvat kuolemat, kuolintodistus (alustava tieto);Vuosi 2020 Viikko 36;0
Kuolemat joissa korona myötävaikuttavana tekijänä, kuolintodistus (alustava tieto);Vuosi 2020 Viikko 36;0
Tapausten lukumäärä;Vuosi 2020 Viikko 37;369
Testausmäärä;Vuosi 2020 Viikko 37;81621
Koronaan ajallisesti liittyvät kuolemat (30 vrk), tartuntatautirekisteri;Vuosi 2020 Viikko 37;6
Koronasta johtuvat kuolemat, kuolintodistus (alustava tieto);Vuosi 2020 Viikko 37;0
Kuolemat joissa korona myötävaikuttavana tekijänä, kuolintodistus (alustava tieto);Vuosi 2020 Viikko 37;1
Tapausten lukumäärä;Vuosi 2020 Viikko 38;532
Testausmäärä;Vuosi 2020 Viikko 38;97328
Koronaan ajallisesti liittyvät kuolemat (30 vrk), tartuntatautirekisteri;Vuosi 2020 Viikko 38;1
Koronasta johtuvat kuolemat, kuolintodistus (alustava tieto);Vuosi 2020 Viikko 38;2
Kuolemat joissa korona myötävaikuttavana tekijänä, kuolintodistus (alustava tieto);Vuosi 2020 Viikko 38;1
Tapausten lukumäärä;Vuosi 2020 Viikko 39;724
Testausmäärä;Vuosi 2020 Viikko 39;93922
Koronaan ajallisesti liittyvät kuolemat (30 vrk), tartuntatautirekisteri;Vuosi 2020 Viikko 39;4
Koronasta johtuvat kuolemat, kuolintodistus (alustava tieto);Vuosi 2020 Viikko 39;3
Kuolemat joissa korona myötävaikuttavana tekijänä, kuolintodistus (alustava tieto);Vuosi 2020 Viikko 39;0
Tapausten lukumäärä;Vuosi 2020 Viikko 40;1297
Testausmäärä;Vuosi 2020 Viikko 40;85193
Koronaan ajallisesti liittyvät kuolemat (30 vrk), tartuntatautirekisteri;Vuosi 2020 Viikko 40;4
Koronasta johtuvat kuolemat, kuolintodistus (alustava tieto);Vuosi 2020 Viikko 40;3
Kuolemat joissa korona myötävaikuttavana tekijänä, kuolintodistus (alustava tieto);Vuosi 2020 Viikko 40;0
Tapausten lukumäärä;Vuosi 2020 Viikko 41;1592
Testausmäärä;Vuosi 2020 Viikko 41;105455
Koronaan ajallisesti liittyvät kuolemat (30 vrk), tartuntatautirekisteri;Vuosi 2020 Viikko 41;6
Koronasta johtuvat kuolemat, kuolintodistus (alustava tieto);Vuosi 2020 Viikko 41;3
Kuolemat joissa korona myötävaikuttavana tekijänä, kuolintodistus (alustava tieto);Vuosi 2020 Viikko 41;0
Tapausten lukumäärä;Vuosi 2020 Viikko 42;1262
Testausmäärä;Vuosi 2020 Viikko 42;97815
Koronaan ajallisesti liittyvät kuolemat (30 vrk), tartuntatautirekisteri;Vuosi 2020 Viikko 42;6
Koronasta johtuvat kuolemat, kuolintodistus (alustava tieto);Vuosi 2020 Viikko 42;2
Kuolemat joissa korona myötävaikuttavana tekijänä, kuolintodistus (alustava tieto);Vuosi 2020 Viikko 42;1
Tapausten lukumäärä;Vuosi 2020 Viikko 43;1260
Testausmäärä;Vuosi 2020 Viikko 43;98567
Koronaan ajallisesti liittyvät kuolemat (30 vrk), tartuntatautirekisteri;Vuosi 2020 Viikko 43;3
Koronasta johtuvat kuolemat, kuolintodistus (alustava tieto);Vuosi 2020 Viikko 43;3
Kuolemat joissa korona myötävaikuttavana tekijänä, kuolintodistus (alustava tieto);Vuosi 2020 Viikko 43;0
Tapausten lukumäärä;Vuosi 2020 Viikko 44;1487
Testausmäärä;Vuosi 2020 Viikko 44;86882
Koronaan ajallisesti liittyvät kuolemat (30 vrk), tartuntatautirekisteri;Vuosi 2020 Viikko 44;2
Koronasta johtuvat kuolemat, kuolintodistus (alustava tieto);Vuosi 2020 Viikko 44;6
Kuolemat joissa korona myötävaikuttavana tekijänä, kuolintodistus (alustava tieto);Vuosi 2020 Viikko 44;1
Tapausten lukumäärä;Vuosi 2020 Viikko 45;1402
Testausmäärä;Vuosi 2020 Viikko 45;91185
Koronaan ajallisesti liittyvät kuolemat (30 vrk), tartuntatautirekisteri;Vuosi 2020 Viikko 45;14
Koronasta johtuvat kuolemat, kuolintodistus (alustava tieto);Vuosi 2020 Viikko 45;4
Kuolemat joissa korona myötävaikuttavana tekijänä, kuolintodistus (alustava tieto);Vuosi 2020 Viikko 45;0
Tapausten lukumäärä;Vuosi 2020 Viikko 46;1772
Testausmäärä;Vuosi 2020 Viikko 46;92476
Koronaan ajallisesti liittyvät kuolemat (30 vrk), tartuntatautirekisteri;Vuosi 2020 Viikko 46;17
Koronasta johtuvat kuolemat, kuolintodistus (alustava tieto);Vuosi 2020 Viikko 46;8
Kuolemat joissa korona myötävaikuttavana tekijänä, kuolintodistus (alustava tieto);Vuosi 2020 Viikko 46;0
Tapausten lukumäärä;Vuosi 2020 Viikko 47;2712
Testausmäärä;Vuosi 2020 Viikko 47;106329
Koronaan ajallisesti liittyvät kuolemat (30 vrk), tartuntatautirekisteri;Vuosi 2020 Viikko 47;32
Koronasta johtuvat kuolemat, kuolintodistus (alustava tieto);Vuosi 2020 Viikko 47;15
Kuolemat joissa korona myötävaikuttavana tekijänä, kuolintodistus (alustava tieto);Vuosi 2020 Viikko 47;3
Tapausten lukumäärä;Vuosi 2020 Viikko 48;3229
Testausmäärä;Vuosi 2020 Viikko 48;132655
Koronaan ajallisesti liittyvät kuolemat (30 vrk), tartuntatautirekisteri;Vuosi 2020 Viikko 48;38
Koronasta johtuvat kuolemat, kuolintodistus (alustava tieto);Vuosi 2020 Viikko 48;22
Kuolemat joissa korona myötävaikuttavana tekijänä, kuolintodistus (alustava tieto);Vuosi 2020 Viikko 48;1
Tapausten lukumäärä;Vuosi 2020 Viikko 49;3006
Testausmäärä;Vuosi 2020 Viikko 49;133215
Koronaan ajallisesti liittyvät kuolemat (30 vrk), tartuntatautirekisteri;Vuosi 2020 Viikko 49;45
Koronasta johtuvat kuolemat, kuolintodistus (alustava tieto);Vuosi 2020 Viikko 49;28
Kuolemat joissa korona myötävaikuttavana tekijänä, kuolintodistus (alustava tieto);Vuosi 2020 Viikko 49;4
Tapausten lukumäärä;Vuosi 2020 Viikko 50;2782
Testausmäärä;Vuosi 2020 Viikko 50;120185
Koronaan ajallisesti liittyvät kuolemat (30 vrk), tartuntatautirekisteri;Vuosi 2020 Viikko 50;39
Koronasta johtuvat kuolemat, kuolintodistus (alustava tieto);Vuosi 2020 Viikko 50;32
Kuolemat joissa korona myötävaikuttavana tekijänä, kuolintodistus (alustava tieto);Vuosi 2020 Viikko 50;2
Tapausten lukumäärä;Vuosi 2020 Viikko 51;2241
Testausmäärä;Vuosi 2020 Viikko 51;123652
Koronaan ajallisesti liittyvät kuolemat (30 vrk), tartuntatautirekisteri;Vuosi 2020 Viikko 51;28
Koronasta johtuvat kuolemat, kuolintodistus (alustava tieto);Vuosi 2020 Viikko 51;45
Kuolemat joissa korona myötävaikuttavana tekijänä, kuolintodistus (alustava tieto);Vuosi 2020 Viikko 51;4
Tapausten lukumäärä;Vuosi 2020 Viikko 52;1714
Testausmäärä;Vuosi 2020 Viikko 52;87060
Koronaan ajallisesti liittyvät kuolemat (30 vrk), tartuntatautirekisteri;Vuosi 2020 Viikko 52;22
Koronasta johtuvat kuolemat, kuolintodistus (alustava tieto);Vuosi 2020 Viikko 52;31
Kuolemat joissa korona myötävaikuttavana tekijänä, kuolintodistus (alustava tieto);Vuosi 2020 Viikko 52;3
Tapausten lukumäärä;Vuosi 2020 Viikko 53;1893
Testausmäärä;Vuosi 2020 Viikko 53;73039
Koronaan ajallisesti liittyvät kuolemat (30 vrk), tartuntatautirekisteri;Vuosi 2020 Viikko 53;29
Koronasta johtuvat kuolemat, kuolintodistus (alustava tieto);Vuosi 2020 Viikko 53;22
Kuolemat joissa korona myötävaikuttavana tekijänä, kuolintodistus (alustava tieto);Vuosi 2020 Viikko 53;5
Tapausten lukumäärä;Vuosi 2021 Viikko 01;1857
Testausmäärä;Vuosi 2021 Viikko 01;75413
Koronaan ajallisesti liittyvät kuolemat (30 vrk), tartuntatautirekisteri;Vuosi 2021 Viikko 01;27
Koronasta johtuvat kuolemat, kuolintodistus (alustava tieto);Vuosi 2021 Viikko 01;21
Kuolemat joissa korona myötävaikuttavana tekijänä, kuolintodistus (alustava tieto);Vuosi 2021 Viikko 01;4
Tapausten lukumäärä;Vuosi 2021 Viikko 02;1829
Testausmäärä;Vuosi 2021 Viikko 02;73567
Koronaan ajallisesti liittyvät kuolemat (30 vrk), tartuntatautirekisteri;Vuosi 2021 Viikko 02;22
Koronasta johtuvat kuolemat, kuolintodistus (alustava tieto);Vuosi 2021 Viikko 02;20
Kuolemat joissa korona myötävaikuttavana tekijänä, kuolintodistus (alustava tieto);Vuosi 2021 Viikko 02;5
Tapausten lukumäärä;Vuosi 2021 Viikko 03;2510
Testausmäärä;Vuosi 2021 Viikko 03;96976
Koronaan ajallisesti liittyvät kuolemat (30 vrk), tartuntatautirekisteri;Vuosi 2021 Viikko 03;31
Koronasta johtuvat kuolemat, kuolintodistus (alustava tieto);Vuosi 2021 Viikko 03;30
Kuolemat joissa korona myötävaikuttavana tekijänä, kuolintodistus (alustava tieto);Vuosi 2021 Viikko 03;7
Tapausten lukumäärä;Vuosi 2021 Viikko 04;2642
Testausmäärä;Vuosi 2021 Viikko 04;107949
Koronaan ajallisesti liittyvät kuolemat (30 vrk), tartuntatautirekisteri;Vuosi 2021 Viikko 04;14
Koronasta johtuvat kuolemat, kuolintodistus (alustava tieto);Vuosi 2021 Viikko 04;19
Kuolemat joissa korona myötävaikuttavana tekijänä, kuolintodistus (alustava tieto);Vuosi 2021 Viikko 04;5
Tapausten lukumäärä;Vuosi 2021 Viikko 05;2530
Testausmäärä;Vuosi 2021 Viikko 05;117315
Koronaan ajallisesti liittyvät kuolemat (30 vrk), tartuntatautirekisteri;Vuosi 2021 Viikko 05;15
Koronasta johtuvat kuolemat, kuolintodistus (alustava tieto);Vuosi 2021 Viikko 05;17
Kuolemat joissa korona myötävaikuttavana tekijänä, kuolintodistus (alustava tieto);Vuosi 2021 Viikko 05;4
Tapausten lukumäärä;Vuosi 2021 Viikko 06;2707
Testausmäärä;Vuosi 2021 Viikko 06;117808
Koronaan ajallisesti liittyvät kuolemat (30 vrk), tartuntatautirekisteri;Vuosi 2021 Viikko 06;18
Koronasta johtuvat kuolemat, kuolintodistus (alustava tieto);Vuosi 2021 Viikko 06;14
Kuolemat joissa korona myötävaikuttavana tekijänä, kuolintodistus (alustava tieto);Vuosi 2021 Viikko 06;3
Tapausten lukumäärä;Vuosi 2021 Viikko 07;3559
Testausmäärä;Vuosi 2021 Viikko 07;133637
Koronaan ajallisesti liittyvät kuolemat (30 vrk), tartuntatautirekisteri;Vuosi 2021 Viikko 07;21
Koronasta johtuvat kuolemat, kuolintodistus (alustava tieto);Vuosi 2021 Viikko 07;7
Kuolemat joissa korona myötävaikuttavana tekijänä, kuolintodistus (alustava tieto);Vuosi 2021 Viikko 07;3
Tapausten lukumäärä;Vuosi 2021 Viikko 08;4239
Testausmäärä;Vuosi 2021 Viikko 08;135478
Koronaan ajallisesti liittyvät kuolemat (30 vrk), tartuntatautirekisteri;Vuosi 2021 Viikko 08;30
Koronasta johtuvat kuolemat, kuolintodistus (alustava tieto);Vuosi 2021 Viikko 08;16
Kuolemat joissa korona myötävaikuttavana tekijänä, kuolintodistus (alustava tieto);Vuosi 2021 Viikko 08;7
Tapausten lukumäärä;Vuosi 2021 Viikko 09;4422
Testausmäärä;Vuosi 2021 Viikko 09;151690
Koronaan ajallisesti liittyvät kuolemat (30 vrk), tartuntatautirekisteri;Vuosi 2021 Viikko 09;20
Koronasta johtuvat kuolemat, kuolintodistus (alustava tieto);Vuosi 2021 Viikko 09;22
Kuolemat joissa korona myötävaikuttavana tekijänä, kuolintodistus (alustava tieto);Vuosi 2021 Viikko 09;5
Tapausten lukumäärä;Vuosi 2021 Viikko 10;5000
Testausmäärä;Vuosi 2021 Viikko 10;147087
Koronaan ajallisesti liittyvät kuolemat (30 vrk), tartuntatautirekisteri;Vuosi 2021 Viikko 10;20
Koronasta johtuvat kuolemat, kuolintodistus (alustava tieto);Vuosi 2021 Viikko 10;18
Kuolemat joissa korona myötävaikuttavana tekijänä, kuolintodistus (alustava tieto);Vuosi 2021 Viikko 10;3
Tapausten lukumäärä;Vuosi 2021 Viikko 11;4583
Testausmäärä;Vuosi 2021 Viikko 11;147917
Koronaan ajallisesti liittyvät kuolemat (30 vrk), tartuntatautirekisteri;Vuosi 2021 Viikko 11;25
Koronasta johtuvat kuolemat, kuolintodistus (alustava tieto);Vuosi 2021 Viikko 11;18
Kuolemat joissa korona myötävaikuttavana tekijänä, kuolintodistus (alustava tieto);Vuosi 2021 Viikko 11;3
Tapausten lukumäärä;Vuosi 2021 Viikko 12;4074
Testausmäärä;Vuosi 2021 Viikko 12;137216
Koronaan ajallisesti liittyvät kuolemat (30 vrk), tartuntatautirekisteri;Vuosi 2021 Viikko 12;23
Koronasta johtuvat kuolemat, kuolintodistus (alustava tieto);Vuosi 2021 Viikko 12;22
Kuolemat joissa korona myötävaikuttavana tekijänä, kuolintodistus (alustava tieto);Vuosi 2021 Viikko 12;1
Tapausten lukumäärä;Vuosi 2021 Viikko 13;2974
Testausmäärä;Vuosi 2021 Viikko 13;118945
Koronaan ajallisesti liittyvät kuolemat (30 vrk), tartuntatautirekisteri;Vuosi 2021 Viikko 13;11
Koronasta johtuvat kuolemat, kuolintodistus (alustava tieto);Vuosi 2021 Viikko 13;23
Kuolemat joissa korona myötävaikuttavana tekijänä, kuolintodistus (alustava tieto);Vuosi 2021 Viikko 13;4
Tapausten lukumäärä;Vuosi 2021 Viikko 14;2595
Testausmäärä;Vuosi 2021 Viikko 14;127658
Koronaan ajallisesti liittyvät kuolemat (30 vrk), tartuntatautirekisteri;Vuosi 2021 Viikko 14;12
Koronasta johtuvat kuolemat, kuolintodistus (alustava tieto);Vuosi 2021 Viikko 14;11
Kuolemat joissa korona myötävaikuttavana tekijänä, kuolintodistus (alustava tieto);Vuosi 2021 Viikko 14;2
Tapausten lukumäärä;Vuosi 2021 Viikko 15;1816
Testausmäärä;Vuosi 2021 Viikko 15;117966
Koronaan ajallisesti liittyvät kuolemat (30 vrk), tartuntatautirekisteri;Vuosi 2021 Viikko 15;17
Koronasta johtuvat kuolemat, kuolintodistus (alustava tieto);Vuosi 2021 Viikko 15;15
Kuolemat joissa korona myötävaikuttavana tekijänä, kuolintodistus (alustava tieto);Vuosi 2021 Viikko 15;8
Tapausten lukumäärä;Vuosi 2021 Viikko 16;1565
Testausmäärä;Vuosi 2021 Viikko 16;115422
Koronaan ajallisesti liittyvät kuolemat (30 vrk), tartuntatautirekisteri;Vuosi 2021 Viikko 16;8
Koronasta johtuvat kuolemat, kuolintodistus (alustava tieto);Vuosi 2021 Viikko 16;16
Kuolemat joissa korona myötävaikuttavana tekijänä, kuolintodistus (alustava tieto);Vuosi 2021 Viikko 16;0
Tapausten lukumäärä;Vuosi 2021 Viikko 17;1461
Testausmäärä;Vuosi 2021 Viikko 17;122596
Koronaan ajallisesti liittyvät kuolemat (30 vrk), tartuntatautirekisteri;Vuosi 2021 Viikko 17;9
Koronasta johtuvat kuolemat, kuolintodistus (alustava tieto);Vuosi 2021 Viikko 17;5
Kuolemat joissa korona myötävaikuttavana tekijänä, kuolintodistus (alustava tieto);Vuosi 2021 Viikko 17;3
Tapausten lukumäärä;Vuosi 2021 Viikko 18;1444
Testausmäärä;Vuosi 2021 Viikko 18;131165
Koronaan ajallisesti liittyvät kuolemat (30 vrk), tartuntatautirekisteri;Vuosi 2021 Viikko 18;5
Koronasta johtuvat kuolemat, kuolintodistus (alustava tieto);Vuosi 2021 Viikko 18;12
Kuolemat joissa korona myötävaikuttavana tekijänä, kuolintodistus (alustava tieto);Vuosi 2021 Viikko 18;3
Tapausten lukumäärä;Vuosi 2021 Viikko 19;1459
Testausmäärä;Vuosi 2021 Viikko 19;113082
Koronaan ajallisesti liittyvät kuolemat (30 vrk), tartuntatautirekisteri;Vuosi 2021 Viikko 19;18
Koronasta johtuvat kuolemat, kuolintodistus (alustava tieto);Vuosi 2021 Viikko 19;5
Kuolemat joissa korona myötävaikuttavana tekijänä, kuolintodistus (alustava tieto);Vuosi 2021 Viikko 19;1
Tapausten lukumäärä;Vuosi 2021 Viikko 20;1224
Testausmäärä;Vuosi 2021 Viikko 20;124254
Koronaan ajallisesti liittyvät kuolemat (30 vrk), tartuntatautirekisteri;Vuosi 2021 Viikko 20;13
Koronasta johtuvat kuolemat, kuolintodistus (alustava tieto);Vuosi 2021 Viikko 20;9
Kuolemat joissa korona myötävaikuttavana tekijänä, kuolintodistus (alustava tieto);Vuosi 2021 Viikko 20;5
Tapausten lukumäärä;Vuosi 2021 Viikko 21;851
Testausmäärä;Vuosi 2021 Viikko 21;120647
Koronaan ajallisesti liittyvät kuolemat (30 vrk), tartuntatautirekisteri;Vuosi 2021 Viikko 21;3
Koronasta johtuvat kuolemat, kuolintodistus (alustava tieto);Vuosi 2021 Viikko 21;11
Kuolemat joissa korona myötävaikuttavana tekijänä, kuolintodistus (alustava tieto);Vuosi 2021 Viikko 21;4
Tapausten lukumäärä;Vuosi 2021 Viikko 22;715
Testausmäärä;Vuosi 2021 Viikko 22;111972
Koronaan ajallisesti liittyvät kuolemat (30 vrk), tartuntatautirekisteri;Vuosi 2021 Viikko 22;3
Koronasta johtuvat kuolemat, kuolintodistus (alustava tieto);Vuosi 2021 Viikko 22;7
Kuolemat joissa korona myötävaikuttavana tekijänä, kuolintodistus (alustava tieto);Vuosi 2021 Viikko 22;1
Tapausten lukumäärä;Vuosi 2021 Viikko 23;513
Testausmäärä;Vuosi 2021 Viikko 23;98641
Koronaan ajallisesti liittyvät kuolemat (30 vrk), tartuntatautirekisteri;Vuosi 2021 Viikko 23;2
Koronasta johtuvat kuolemat, kuolintodistus (alustava tieto);Vuosi 2021 Viikko 23;2
Kuolemat joissa korona myötävaikuttavana tekijänä, kuolintodistus (alustava tieto);Vuosi 2021 Viikko 23;0
Tapausten lukumäärä;Vuosi 2021 Viikko 24;562
Testausmäärä;Vuosi 2021 Viikko 24;92129
Koronaan ajallisesti liittyvät kuolemat (30 vrk), tartuntatautirekisteri;Vuosi 2021 Viikko 24;3
Koronasta johtuvat kuolemat, kuolintodistus (alustava tieto);Vuosi 2021 Viikko 24;3
Kuolemat joissa korona myötävaikuttavana tekijänä, kuolintodistus (alustava tieto);Vuosi 2021 Viikko 24;0
Tapausten lukumäärä;Vuosi 2021 Viikko 25;1089
Testausmäärä;Vuosi 2021 Viikko 25;72855
Koronaan ajallisesti liittyvät kuolemat (30 vrk), tartuntatautirekisteri;Vuosi 2021 Viikko 25;1
Koronasta johtuvat kuolemat, kuolintodistus (alustava tieto);Vuosi 2021 Viikko 25;2
Kuolemat joissa korona myötävaikuttavana tekijänä, kuolintodistus (alustava tieto);Vuosi 2021 Viikko 25;1
Tapausten lukumäärä;Vuosi 2021 Viikko 26;1307
Testausmäärä;Vuosi 2021 Viikko 26;101290
Koronaan ajallisesti liittyvät kuolemat (30 vrk), tartuntatautirekisteri;Vuosi 2021 Viikko 26;1
Koronasta johtuvat kuolemat, kuolintodistus (alustava tieto);Vuosi 2021 Viikko 26;1
Kuolemat joissa korona myötävaikuttavana tekijänä, kuolintodistus (alustava tieto);Vuosi 2021 Viikko 26;0
Tapausten lukumäärä;Vuosi 2021 Viikko 27;1782
Testausmäärä;Vuosi 2021 Viikko 27;95490
Koronaan ajallisesti liittyvät kuolemat (30 vrk), tartuntatautirekisteri;Vuosi 2021 Viikko 27;5
Koronasta johtuvat kuolemat, kuolintodistus (alustava tieto);Vuosi 2021 Viikko 27;2
Kuolemat joissa korona myötävaikuttavana tekijänä, kuolintodistus (alustava tieto);Vuosi 2021 Viikko 27;1
Tapausten lukumäärä;Vuosi 2021 Viikko 28;2328
Testausmäärä;Vuosi 2021 Viikko 28;102536
Koronaan ajallisesti liittyvät kuolemat (30 vrk), tartuntatautirekisteri;Vuosi 2021 Viikko 28;1
Koronasta johtuvat kuolemat, kuolintodistus (alustava tieto);Vuosi 2021 Viikko 28;0
Kuolemat joissa korona myötävaikuttavana tekijänä, kuolintodistus (alustava tieto);Vuosi 2021 Viikko 28;2
Tapausten lukumäärä;Vuosi 2021 Viikko 29;3276
Testausmäärä;Vuosi 2021 Viikko 29;121619
Koronaan ajallisesti liittyvät kuolemat (30 vrk), tartuntatautirekisteri;Vuosi 2021 Viikko 29;8
Koronasta johtuvat kuolemat, kuolintodistus (alustava tieto);Vuosi 2021 Viikko 29;4
Kuolemat joissa korona myötävaikuttavana tekijänä, kuolintodistus (alustava tieto);Vuosi 2021 Viikko 29;0
Tapausten lukumäärä;Vuosi 2021 Viikko 30;4779
Testausmäärä;Vuosi 2021 Viikko 30;125792
Koronaan ajallisesti liittyvät kuolemat (30 vrk), tartuntatautirekisteri;Vuosi 2021 Viikko 30;10
Koronasta johtuvat kuolemat, kuolintodistus (alustava tieto);Vuosi 2021 Viikko 30;5
Kuolemat joissa korona myötävaikuttavana tekijänä, kuolintodistus (alustava tieto);Vuosi 2021 Viikko 30;0
Tapausten lukumäärä;Vuosi 2021 Viikko 31;5243
Testausmäärä;Vuosi 2021 Viikko 31;144230
Koronaan ajallisesti liittyvät kuolemat (30 vrk), tartuntatautirekisteri;Vuosi 2021 Viikko 31;15
Koronasta johtuvat kuolemat, kuolintodistus (alustava tieto);Vuosi 2021 Viikko 31;11
Kuolemat joissa korona myötävaikuttavana tekijänä, kuolintodistus (alustava tieto);Vuosi 2021 Viikko 31;1
Tapausten lukumäärä;Vuosi 2021 Viikko 32;4913
Testausmäärä;Vuosi 2021 Viikko 32;146948
Koronaan ajallisesti liittyvät kuolemat (30 vrk), tartuntatautirekisteri;Vuosi 2021 Viikko 32;7
Koronasta johtuvat kuolemat, kuolintodistus (alustava tieto);Vuosi 2021 Viikko 32;9
Kuolemat joissa korona myötävaikuttavana tekijänä, kuolintodistus (alustava tieto);Vuosi 2021 Viikko 32;1
Tapausten lukumäärä;Vuosi 2021 Viikko 33;4305
Testausmäärä;Vuosi 2021 Viikko 33;164949
Koronaan ajallisesti liittyvät kuolemat (30 vrk), tartuntatautirekisteri;Vuosi 2021 Viikko 33;10
Koronasta johtuvat kuolemat, kuolintodistus (alustava tieto);Vuosi 2021 Viikko 33;4
Kuolemat joissa korona myötävaikuttavana tekijänä, kuolintodistus (alustava tieto);Vuosi 2021 Viikko 33;1
Tapausten lukumäärä;Vuosi 2021 Viikko 34;4271
Testausmäärä;Vuosi 2021 Viikko 34;184171
Koronaan ajallisesti liittyvät kuolemat (30 vrk), tartuntatautirekisteri;Vuosi 2021 Viikko 34;16
Koronasta johtuvat kuolemat, kuolintodistus (alustava tieto);Vuosi 2021 Viikko 34;9
Kuolemat joissa korona myötävaikuttavana tekijänä, kuolintodistus (alustava tieto);Vuosi 2021 Viikko 34;1
Tapausten lukumäärä;Vuosi 2021 Viikko 35;3726
Testausmäärä;Vuosi 2021 Viikko 35;174330
Koronaan ajallisesti liittyvät kuolemat (30 vrk), tartuntatautirekisteri;Vuosi 2021 Viikko 35;12
Koronasta johtuvat kuolemat, kuolintodistus (alustava tieto);Vuosi 2021 Viikko 35;9
Kuolemat joissa korona myötävaikuttavana tekijänä, kuolintodistus (alustava tieto);Vuosi 2021 Viikko 35;2
Tapausten lukumäärä;Vuosi 2021 Viikko 36;3101
Testausmäärä;Vuosi 2021 Viikko 36;129766
Koronaan ajallisesti liittyvät kuolemat (30 vrk), tartuntatautirekisteri;Vuosi 2021 Viikko 36;13
Koronasta johtuvat kuolemat, kuolintodistus (alustava tieto);Vuosi 2021 Viikko 36;13
Kuolemat joissa korona myötävaikuttavana tekijänä, kuolintodistus (alustava tieto);Vuosi 2021 Viikko 36;0
Tapausten lukumäärä;Vuosi 2021 Viikko 37;2769
Testausmäärä;Vuosi 2021 Viikko 37;99425
Koronaan ajallisesti liittyvät kuolemat (30 vrk), tartuntatautirekisteri;Vuosi 2021 Viikko 37;11
Koronasta johtuvat kuolemat, kuolintodistus (alustava tieto);Vuosi 2021 Viikko 37;9
Kuolemat joissa korona myötävaikuttavana tekijänä, kuolintodistus (alustava tieto);Vuosi 2021 Viikko 37;3
Tapausten lukumäärä;Vuosi 2021 Viikko 38;3230
Testausmäärä;Vuosi 2021 Viikko 38;81982
Koronaan ajallisesti liittyvät kuolemat (30 vrk), tartuntatautirekisteri;Vuosi 2021 Viikko 38;17
Koronasta johtuvat kuolemat, kuolintodistus (alustava tieto);Vuosi 2021 Viikko 38;15
Kuolemat joissa korona myötävaikuttavana tekijänä, kuolintodistus (alustava tieto);Vuosi 2021 Viikko 38;3
Tapausten lukumäärä;Vuosi 2021 Viikko 39;3994
Testausmäärä;Vuosi 2021 Viikko 39;82529
Koronaan ajallisesti liittyvät kuolemat (30 vrk), tartuntatautirekisteri;Vuosi 2021 Viikko 39;28
Koronasta johtuvat kuolemat, kuolintodistus (alustava tieto);Vuosi 2021 Viikko 39;11
Kuolemat joissa korona myötävaikuttavana tekijänä, kuolintodistus (alustava tieto);Vuosi 2021 Viikko 39;2
Tapausten lukumäärä;Vuosi 2021 Viikko 40;4202
Testausmäärä;Vuosi 2021 Viikko 40;82442
Koronaan ajallisesti liittyvät kuolemat (30 vrk), tartuntatautirekisteri;Vuosi 2021 Viikko 40;33
Koronasta johtuvat kuolemat, kuolintodistus (alustava tieto);Vuosi 2021 Viikko 40;18
Kuolemat joissa korona myötävaikuttavana tekijänä, kuolintodistus (alustava tieto);Vuosi 2021 Viikko 40;5
Tapausten lukumäärä;Vuosi 2021 Viikko 41;3700
Testausmäärä;Vuosi 2021 Viikko 41;83064
Koronaan ajallisesti liittyvät kuolemat (30 vrk), tartuntatautirekisteri;Vuosi 2021 Viikko 41;23
Koronasta johtuvat kuolemat, kuolintodistus (alustava tieto);Vuosi 2021 Viikko 41;19
Kuolemat joissa korona myötävaikuttavana tekijänä, kuolintodistus (alustava tieto);Vuosi 2021 Viikko 41;4
Tapausten lukumäärä;Vuosi 2021 Viikko 42;3836
Testausmäärä;Vuosi 2021 Viikko 42;77383
Koronaan ajallisesti liittyvät kuolemat (30 vrk), tartuntatautirekisteri;Vuosi 2021 Viikko 42;32
Koronasta johtuvat kuolemat, kuolintodistus (alustava tieto);Vuosi 2021 Viikko 42;20
Kuolemat joissa korona myötävaikuttavana tekijänä, kuolintodistus (alustava tieto);Vuosi 2021 Viikko 42;4
Tapausten lukumäärä;Vuosi 2021 Viikko 43;4427
Testausmäärä;Vuosi 2021 Viikko 43;81013
Koronaan ajallisesti liittyvät kuolemat (30 vrk), tartuntatautirekisteri;Vuosi 2021 Viikko 43;36
Koronasta johtuvat kuolemat, kuolintodistus (alustava tieto);Vuosi 2021 Viikko 43;27
Kuolemat joissa korona myötävaikuttavana tekijänä, kuolintodistus (alustava tieto);Vuosi 2021 Viikko 43;1
Tapausten lukumäärä;Vuosi 2021 Viikko 44;5311
Testausmäärä;Vuosi 2021 Viikko 44;87833
Koronaan ajallisesti liittyvät kuolemat (30 vrk), tartuntatautirekisteri;Vuosi 2021 Viikko 44;54
Koronasta johtuvat kuolemat, kuolintodistus (alustava tieto);Vuosi 2021 Viikko 44;23
Kuolemat joissa korona myötävaikuttavana tekijänä, kuolintodistus (alustava tieto);Vuosi 2021 Viikko 44;5
Tapausten lukumäärä;Vuosi 2021 Viikko 45;6127
Testausmäärä;Vuosi 2021 Viikko 45;104787
Koronaan ajallisesti liittyvät kuolemat (30 vrk), tartuntatautirekisteri;Vuosi 2021 Viikko 45;50
Koronasta johtuvat kuolemat, kuolintodistus (alustava tieto);Vuosi 2021 Viikko 45;35
Kuolemat joissa korona myötävaikuttavana tekijänä, kuolintodistus (alustava tieto);Vuosi 2021 Viikko 45;5
Tapausten lukumäärä;Vuosi 2021 Viikko 46;7668
Testausmäärä;Vuosi 2021 Viikko 46;119941
Koronaan ajallisesti liittyvät kuolemat (30 vrk), tartuntatautirekisteri;Vuosi 2021 Viikko 46;48
Koronasta johtuvat kuolemat, kuolintodistus (alustava tieto);Vuosi 2021 Viikko 46;43
Kuolemat joissa korona myötävaikuttavana tekijänä, kuolintodistus (alustava tieto);Vuosi 2021 Viikko 46;5
Tapausten lukumäärä;Vuosi 2021 Viikko 47;8454
Testausmäärä;Vuosi 2021 Viikko 47;134674
Koronaan ajallisesti liittyvät kuolemat (30 vrk), tartuntatautirekisteri;Vuosi 2021 Viikko 47;63
Koronasta johtuvat kuolemat, kuolintodistus (alustava tieto);Vuosi 2021 Viikko 47;52
Kuolemat joissa korona myötävaikuttavana tekijänä, kuolintodistus (alustava tieto);Vuosi 2021 Viikko 47;9
Tapausten lukumäärä;Vuosi 2021 Viikko 48;8919
Testausmäärä;Vuosi 2021 Viikko 48;149402
Koronaan ajallisesti liittyvät kuolemat (30 vrk), tartuntatautirekisteri;Vuosi 2021 Viikko 48;45
Koronasta johtuvat kuolemat, kuolintodistus (alustava tieto);Vuosi 2021 Viikko 48;42
Kuolemat joissa korona myötävaikuttavana tekijänä, kuolintodistus (alustava tieto);Vuosi 2021 Viikko 48;10
Tapausten lukumäärä;Vuosi 2021 Viikko 49;11913
Testausmäärä;Vuosi 2021 Viikko 49;160386
Koronaan ajallisesti liittyvät kuolemat (30 vrk), tartuntatautirekisteri;Vuosi 2021 Viikko 49;49
Koronasta johtuvat kuolemat, kuolintodistus (alustava tieto);Vuosi 2021 Viikko 49;39
Kuolemat joissa korona myötävaikuttavana tekijänä, kuolintodistus (alustava tieto);Vuosi 2021 Viikko 49;9
Tapausten lukumäärä;Vuosi 2021 Viikko 50;14521
Testausmäärä;Vuosi 2021 Viikko 50;181244
Koronaan ajallisesti liittyvät kuolemat (30 vrk), tartuntatautirekisteri;Vuosi 2021 Viikko 50;45
Koronasta johtuvat kuolemat, kuolintodistus (alustava tieto);Vuosi 2021 Viikko 50;38
Kuolemat joissa korona myötävaikuttavana tekijänä, kuolintodistus (alustava tieto);Vuosi 2021 Viikko 50;10
Tapausten lukumäärä;Vuosi 2021 Viikko 51;25507
Testausmäärä;Vuosi 2021 Viikko 51;165929
Koronaan ajallisesti liittyvät kuolemat (30 vrk), tartuntatautirekisteri;Vuosi 2021 Viikko 51;61
Koronasta johtuvat kuolemat, kuolintodistus (alustava tieto);Vuosi 2021 Viikko 51;36
Kuolemat joissa korona myötävaikuttavana tekijänä, kuolintodistus (alustava tieto);Vuosi 2021 Viikko 51;8
Tapausten lukumäärä;Vuosi 2021 Viikko 52;46666
Testausmäärä;Vuosi 2021 Viikko 52;173748
Koronaan ajallisesti liittyvät kuolemat (30 vrk), tartuntatautirekisteri;Vuosi 2021 Viikko 52;106
Koronasta johtuvat kuolemat, kuolintodistus (alustava tieto);Vuosi 2021 Viikko 52;46
Kuolemat joissa korona myötävaikuttavana tekijänä, kuolintodistus (alustava tieto);Vuosi 2021 Viikko 52;12
Tapausten lukumäärä;Vuosi 2022 Viikko 01;60670
Testausmäärä;Vuosi 2022 Viikko 01;206925
Koronaan ajallisesti liittyvät kuolemat (30 vrk), tartuntatautirekisteri;Vuosi 2022 Viikko 01;135
Koronasta johtuvat kuolemat, kuolintodistus (alustava tieto);Vuosi 2022 Viikko 01;65
Kuolemat joissa korona myötävaikuttavana tekijänä, kuolintodistus (alustava tieto);Vuosi 2022 Viikko 01;12
Tapausten lukumäärä;Vuosi 2022 Viikko 02;59944
Testausmäärä;Vuosi 2022 Viikko 02;192503
Koronaan ajallisesti liittyvät kuolemat (30 vrk), tartuntatautirekisteri;Vuosi 2022 Viikko 02;141
Koronasta johtuvat kuolemat, kuolintodistus (alustava tieto);Vuosi 2022 Viikko 02;78
Kuolemat joissa korona myötävaikuttavana tekijänä, kuolintodistus (alustava tieto);Vuosi 2022 Viikko 02;24
Tapausten lukumäärä;Vuosi 2022 Viikko 03;55516
Testausmäärä;Vuosi 2022 Viikko 03;171721
Koronaan ajallisesti liittyvät kuolemat (30 vrk), tartuntatautirekisteri;Vuosi 2022 Viikko 03;112
Koronasta johtuvat kuolemat, kuolintodistus (alustava tieto);Vuosi 2022 Viikko 03;97
Kuolemat joissa korona myötävaikuttavana tekijänä, kuolintodistus (alustava tieto);Vuosi 2022 Viikko 03;30
Tapausten lukumäärä;Vuosi 2022 Viikko 04;46523
Testausmäärä;Vuosi 2022 Viikko 04;139568
Koronaan ajallisesti liittyvät kuolemat (30 vrk), tartuntatautirekisteri;Vuosi 2022 Viikko 04;124
Koronasta johtuvat kuolemat, kuolintodistus (alustava tieto);Vuosi 2022 Viikko 04;82
Kuolemat joissa korona myötävaikuttavana tekijänä, kuolintodistus (alustava tieto);Vuosi 2022 Viikko 04;30
Tapausten lukumäärä;Vuosi 2022 Viikko 05;44656
Testausmäärä;Vuosi 2022 Viikko 05;127151
Koronaan ajallisesti liittyvät kuolemat (30 vrk), tartuntatautirekisteri;Vuosi 2022 Viikko 05;146
Koronasta johtuvat kuolemat, kuolintodistus (alustava tieto);Vuosi 2022 Viikko 05;77
Kuolemat joissa korona myötävaikuttavana tekijänä, kuolintodistus (alustava tieto);Vuosi 2022 Viikko 05;23
Tapausten lukumäärä;Vuosi 2022 Viikko 06;44917
Testausmäärä;Vuosi 2022 Viikko 06;122476
Koronaan ajallisesti liittyvät kuolemat (30 vrk), tartuntatautirekisteri;Vuosi 2022 Viikko 06;115
Koronasta johtuvat kuolemat, kuolintodistus (alustava tieto);Vuosi 2022 Viikko 06;81
Kuolemat joissa korona myötävaikuttavana tekijänä, kuolintodistus (alustava tieto);Vuosi 2022 Viikko 06;30
Tapausten lukumäärä;Vuosi 2022 Viikko 07;45263
Testausmäärä;Vuosi 2022 Viikko 07;116488
Koronaan ajallisesti liittyvät kuolemat (30 vrk), tartuntatautirekisteri;Vuosi 2022 Viikko 07;145
Koronasta johtuvat kuolemat, kuolintodistus (alustava tieto);Vuosi 2022 Viikko 07;67
Kuolemat joissa korona myötävaikuttavana tekijänä, kuolintodistus (alustava tieto);Vuosi 2022 Viikko 07;27
Tapausten lukumäärä;Vuosi 2022 Viikko 08;44681
Testausmäärä;Vuosi 2022 Viikko 08;106870
Koronaan ajallisesti liittyvät kuolemat (30 vrk), tartuntatautirekisteri;Vuosi 2022 Viikko 08;157
Koronasta johtuvat kuolemat, kuolintodistus (alustava tieto);Vuosi 2022 Viikko 08;80
Kuolemat joissa korona myötävaikuttavana tekijänä, kuolintodistus (alustava tieto);Vuosi 2022 Viikko 08;41
Tapausten lukumäärä;Vuosi 2022 Viikko 09;44962
Testausmäärä;Vuosi 2022 Viikko 09;98075
Koronaan ajallisesti liittyvät kuolemat (30 vrk), tartuntatautirekisteri;Vuosi 2022 Viikko 09;174
Koronasta johtuvat kuolemat, kuolintodistus (alustava tieto);Vuosi 2022 Viikko 09;85
Kuolemat joissa korona myötävaikuttavana tekijänä, kuolintodistus (alustava tieto);Vuosi 2022 Viikko 09;37
Tapausten lukumäärä;Vuosi 2022 Viikko 10;52649
Testausmäärä;Vuosi 2022 Viikko 10;110767
Koronaan ajallisesti liittyvät kuolemat (30 vrk), tartuntatautirekisteri;Vuosi 2022 Viikko 10;199
Koronasta johtuvat kuolemat, kuolintodistus (alustava tieto);Vuosi 2022 Viikko 10;98
Kuolemat joissa korona myötävaikuttavana tekijänä, kuolintodistus (alustava tieto);Vuosi 2022 Viikko 10;39
Tapausten lukumäärä;Vuosi 2022 Viikko 11;54168
Testausmäärä;Vuosi 2022 Viikko 11;106744
Koronaan ajallisesti liittyvät kuolemat (30 vrk), tartuntatautirekisteri;Vuosi 2022 Viikko 11;233
Koronasta johtuvat kuolemat, kuolintodistus (alustava tieto);Vuosi 2022 Viikko 11;112
Kuolemat joissa korona myötävaikuttavana tekijänä, kuolintodistus (alustava tieto);Vuosi 2022 Viikko 11;61
Tapausten lukumäärä;Vuosi 2022 Viikko 12;52663
Testausmäärä;Vuosi 2022 Viikko 12;108119
Koronaan ajallisesti liittyvät kuolemat (30 vrk), tartuntatautirekisteri;Vuosi 2022 Viikko 12;244
Koronasta johtuvat kuolemat, kuolintodistus (alustava tieto);Vuosi 2022 Viikko 12;85
Kuolemat joissa korona myötävaikuttavana tekijänä, kuolintodistus (alustava tieto);Vuosi 2022 Viikko 12;48
Tapausten lukumäärä;Vuosi 2022 Viikko 13;42977
Testausmäärä;Vuosi 2022 Viikko 13;94704
Koronaan ajallisesti liittyvät kuolemat (30 vrk), tartuntatautirekisteri;Vuosi 2022 Viikko 13;201
Koronasta johtuvat kuolemat, kuolintodistus (alustava tieto);Vuosi 2022 Viikko 13;151
Kuolemat joissa korona myötävaikuttavana tekijänä, kuolintodistus (alustava tieto);Vuosi 2022 Viikko 13;75
Tapausten lukumäärä;Vuosi 2022 Viikko 14;37258
Testausmäärä;Vuosi 2022 Viikko 14;82195
Koronaan ajallisesti liittyvät kuolemat (30 vrk), tartuntatautirekisteri;Vuosi 2022 Viikko 14;206
Koronasta johtuvat kuolemat, kuolintodistus (alustava tieto);Vuosi 2022 Viikko 14;121
Kuolemat joissa korona myötävaikuttavana tekijänä, kuolintodistus (alustava tieto);Vuosi 2022 Viikko 14;74
Tapausten lukumäärä;Vuosi 2022 Viikko 15;24585
Testausmäärä;Vuosi 2022 Viikko 15;60906
Koronaan ajallisesti liittyvät kuolemat (30 vrk), tartuntatautirekisteri;Vuosi 2022 Viikko 15;165
Koronasta johtuvat kuolemat, kuolintodistus (alustava tieto);Vuosi 2022 Viikko 15;113
Kuolemat joissa korona myötävaikuttavana tekijänä, kuolintodistus (alustava tieto);Vuosi 2022 Viikko 15;63
Tapausten lukumäärä;Vuosi 2022 Viikko 16;28622
Testausmäärä;Vuosi 2022 Viikko 16;66609
Koronaan ajallisesti liittyvät kuolemat (30 vrk), tartuntatautirekisteri;Vuosi 2022 Viikko 16;155
Koronasta johtuvat kuolemat, kuolintodistus (alustava tieto);Vuosi 2022 Viikko 16;108
Kuolemat joissa korona myötävaikuttavana tekijänä, kuolintodistus (alustava tieto);Vuosi 2022 Viikko 16;58
Tapausten lukumäärä;Vuosi 2022 Viikko 17;18515
Testausmäärä;Vuosi 2022 Viikko 17;53776
Koronaan ajallisesti liittyvät kuolemat (30 vrk), tartuntatautirekisteri;Vuosi 2022 Viikko 17;114
Koronasta johtuvat kuolemat, kuolintodistus (alustava tieto);Vuosi 2022 Viikko 17;117
Kuolemat joissa korona myötävaikuttavana tekijänä, kuolintodistus (alustava tieto);Vuosi 2022 Viikko 17;48
Tapausten lukumäärä;Vuosi 2022 Viikko 18;17387
Testausmäärä;Vuosi 2022 Viikko 18;56271
Koronaan ajallisesti liittyvät kuolemat (30 vrk), tartuntatautirekisteri;Vuosi 2022 Viikko 18;71
Koronasta johtuvat kuolemat, kuolintodistus (alustava tieto);Vuosi 2022 Viikko 18;67
Kuolemat joissa korona myötävaikuttavana tekijänä, kuolintodistus (alustava tieto);Vuosi 2022 Viikko 18;44
Tapausten lukumäärä;Vuosi 2022 Viikko 19;13211
Testausmäärä;Vuosi 2022 Viikko 19;46919
Koronaan ajallisesti liittyvät kuolemat (30 vrk), tartuntatautirekisteri;Vuosi 2022 Viikko 19;84
Koronasta johtuvat kuolemat, kuolintodistus (alustava tieto);Vuosi 2022 Viikko 19;47
Kuolemat joissa korona myötävaikuttavana tekijänä, kuolintodistus (alustava tieto);Vuosi 2022 Viikko 19;40
Tapausten lukumäärä;Vuosi 2022 Viikko 20;11428
Testausmäärä;Vuosi 2022 Viikko 20;39152
Koronaan ajallisesti liittyvät kuolemat (30 vrk), tartuntatautirekisteri;Vuosi 2022 Viikko 20;85
Koronasta johtuvat kuolemat, kuolintodistus (alustava tieto);Vuosi 2022 Viikko 20;48
Kuolemat joissa korona myötävaikuttavana tekijänä, kuolintodistus (alustava tieto);Vuosi 2022 Viikko 20;45
Tapausten lukumäärä;Vuosi 2022 Viikko 21;10919
Testausmäärä;Vuosi 2022 Viikko 21;32764
Koronaan ajallisesti liittyvät kuolemat (30 vrk), tartuntatautirekisteri;Vuosi 2022 Viikko 21;54
Koronasta johtuvat kuolemat, kuolintodistus (alustava tieto);Vuosi 2022 Viikko 21;54
Kuolemat joissa korona myötävaikuttavana tekijänä, kuolintodistus (alustava tieto);Vuosi 2022 Viikko 21;33
Tapausten lukumäärä;Vuosi 2022 Viikko 22;10559
Testausmäärä;Vuosi 2022 Viikko 22;34399
Koronaan ajallisesti liittyvät kuolemat (30 vrk), tartuntatautirekisteri;Vuosi 2022 Viikko 22;51
Koronasta johtuvat kuolemat, kuolintodistus (alustava tieto);Vuosi 2022 Viikko 22;32
Kuolemat joissa korona myötävaikuttavana tekijänä, kuolintodistus (alustava tieto);Vuosi 2022 Viikko 22;22
Tapausten lukumäärä;Vuosi 2022 Viikko 23;10500
Testausmäärä;Vuosi 2022 Viikko 23;32509
Koronaan ajallisesti liittyvät kuolemat (30 vrk), tartuntatautirekisteri;Vuosi 2022 Viikko 23;60
Koronasta johtuvat kuolemat, kuolintodistus (alustava tieto);Vuosi 2022 Viikko 23;28
Kuolemat joissa korona myötävaikuttavana tekijänä, kuolintodistus (alustava tieto);Vuosi 2022 Viikko 23;24
Tapausten lukumäärä;Vuosi 2022 Viikko 24;10731
Testausmäärä;Vuosi 2022 Viikko 24;31267
Koronaan ajallisesti liittyvät kuolemat (30 vrk), tartuntatautirekisteri;Vuosi 2022 Viikko 24;60
Koronasta johtuvat kuolemat, kuolintodistus (alustava tieto);Vuosi 2022 Viikko 24;31
Kuolemat joissa korona myötävaikuttavana tekijänä, kuolintodistus (alustava tieto);Vuosi 2022 Viikko 24;27
Tapausten lukumäärä;Vuosi 2022 Viikko 25;11469
Testausmäärä;Vuosi 2022 Viikko 25;27581
Koronaan ajallisesti liittyvät kuolemat (30 vrk), tartuntatautirekisteri;Vuosi 2022 Viikko 25;54
Koronasta johtuvat kuolemat, kuolintodistus (alustava tieto);Vuosi 2022 Viikko 25;27
Kuolemat joissa korona myötävaikuttavana tekijänä, kuolintodistus (alustava tieto);Vuosi 2022 Viikko 25;20
Tapausten lukumäärä;Vuosi 2022 Viikko 26;11372
Testausmäärä;Vuosi 2022 Viikko 26;29267
Koronaan ajallisesti liittyvät kuolemat (30 vrk), tartuntatautirekisteri;Vuosi 2022 Viikko 26;72
Koronasta johtuvat kuolemat, kuolintodistus (alustava tieto);Vuosi 2022 Viikko 26;34
Kuolemat joissa korona myötävaikuttavana tekijänä, kuolintodistus (alustava tieto);Vuosi 2022 Viikko 26;33
Tapausten lukumäärä;Vuosi 2022 Viikko 27;13294
Testausmäärä;Vuosi 2022 Viikko 27;31449
Koronaan ajallisesti liittyvät kuolemat (30 vrk), tartuntatautirekisteri;Vuosi 2022 Viikko 27;82
Koronasta johtuvat kuolemat, kuolintodistus (alustava tieto);Vuosi 2022 Viikko 27;44
Kuolemat joissa korona myötävaikuttavana tekijänä, kuolintodistus (alustava tieto);Vuosi 2022 Viikko 27;37
Tapausten lukumäärä;Vuosi 2022 Viikko 28;15473
Testausmäärä;Vuosi 2022 Viikko 28;36594
Koronaan ajallisesti liittyvät kuolemat (30 vrk), tartuntatautirekisteri;Vuosi 2022 Viikko 28;83
Koronasta johtuvat kuolemat, kuolintodistus (alustava tieto);Vuosi 2022 Viikko 28;41
Kuolemat joissa korona myötävaikuttavana tekijänä, kuolintodistus (alustava tieto);Vuosi 2022 Viikko 28;27
Tapausten lukumäärä;Vuosi 2022 Viikko 29;18339
Testausmäärä;Vuosi 2022 Viikko 29;41980
Koronaan ajallisesti liittyvät kuolemat (30 vrk), tartuntatautirekisteri;Vuosi 2022 Viikko 29;117
Koronasta johtuvat kuolemat, kuolintodistus (alustava tieto);Vuosi 2022 Viikko 29;45
Kuolemat joissa korona myötävaikuttavana tekijänä, kuolintodistus (alustava tieto);Vuosi 2022 Viikko 29;37
Tapausten lukumäärä;Vuosi 2022 Viikko 30;16275
Testausmäärä;Vuosi 2022 Viikko 30;40509
Koronaan ajallisesti liittyvät kuolemat (30 vrk), tartuntatautirekisteri;Vuosi 2022 Viikko 30;98
Koronasta johtuvat kuolemat, kuolintodistus (alustava tieto);Vuosi 2022 Viikko 30;51
Kuolemat joissa korona myötävaikuttavana tekijänä, kuolintodistus (alustava tieto);Vuosi 2022 Viikko 30;28
Tapausten lukumäärä;Vuosi 2022 Viikko 31;14918
Testausmäärä;Vuosi 2022 Viikko 31;39411
Koronaan ajallisesti liittyvät kuolemat (30 vrk), tartuntatautirekisteri;Vuosi 2022 Viikko 31;115
Koronasta johtuvat kuolemat, kuolintodistus (alustava tieto);Vuosi 2022 Viikko 31;46
Kuolemat joissa korona myötävaikuttavana tekijänä, kuolintodistus (alustava tieto);Vuosi 2022 Viikko 31;37
Tapausten lukumäärä;Vuosi 2022 Viikko 32;12667
Testausmäärä;Vuosi 2022 Viikko 32;35863
Koronaan ajallisesti liittyvät kuolemat (30 vrk), tartuntatautirekisteri;Vuosi 2022 Viikko 32;130
Koronasta johtuvat kuolemat, kuolintodistus (alustava tieto);Vuosi 2022 Viikko 32;56
Kuolemat joissa korona myötävaikuttavana tekijänä, kuolintodistus (alustava tieto);Vuosi 2022 Viikko 32;29
Tapausten lukumäärä;Vuosi 2022 Viikko 33;9807
Testausmäärä;Vuosi 2022 Viikko 33;35193
Koronaan ajallisesti liittyvät kuolemat (30 vrk), tartuntatautirekisteri;Vuosi 2022 Viikko 33;79
Koronasta johtuvat kuolemat, kuolintodistus (alustava tieto);Vuosi 2022 Viikko 33;66
Kuolemat joissa korona myötävaikuttavana tekijänä, kuolintodistus (alustava tieto);Vuosi 2022 Viikko 33;38
Tapausten lukumäärä;Vuosi 2022 Viikko 34;6750
Testausmäärä;Vuosi 2022 Viikko 34;29989
Koronaan ajallisesti liittyvät kuolemat (30 vrk), tartuntatautirekisteri;Vuosi 2022 Viikko 34;68
Koronasta johtuvat kuolemat, kuolintodistus (alustava tieto);Vuosi 2022 Viikko 34;53
Kuolemat joissa korona myötävaikuttavana tekijänä, kuolintodistus (alustava tieto);Vuosi 2022 Viikko 34;25
Tapausten lukumäärä;Vuosi 2022 Viikko 35;5925
Testausmäärä;Vuosi 2022 Viikko 35;31204
Koronaan ajallisesti liittyvät kuolemat (30 vrk), tartuntatautirekisteri;Vuosi 2022 Viikko 35;69
Koronasta johtuvat kuolemat, kuolintodistus (alustava tieto);Vuosi 2022 Viikko 35;47
Kuolemat joissa korona myötävaikuttavana tekijänä, kuolintodistus (alustava tieto);Vuosi 2022 Viikko 35;34
Tapausten lukumäärä;Vuosi 2022 Viikko 36;7401
Testausmäärä;Vuosi 2022 Viikko 36;27967
Koronaan ajallisesti liittyvät kuolemat (30 vrk), tartuntatautirekisteri;Vuosi 2022 Viikko 36;83
Koronasta johtuvat kuolemat, kuolintodistus (alustava tieto);Vuosi 2022 Viikko 36;43
Kuolemat joissa korona myötävaikuttavana tekijänä, kuolintodistus (alustava tieto);Vuosi 2022 Viikko 36;43
Tapausten lukumäärä;Vuosi 2022 Viikko 37;8783
Testausmäärä;Vuosi 2022 Viikko 37;29078
Koronaan ajallisesti liittyvät kuolemat (30 vrk), tartuntatautirekisteri;Vuosi 2022 Viikko 37;98
Koronasta johtuvat kuolemat, kuolintodistus (alustava tieto);Vuosi 2022 Viikko 37;46
Kuolemat joissa korona myötävaikuttavana tekijänä, kuolintodistus (alustava tieto);Vuosi 2022 Viikko 37;43
Tapausten lukumäärä;Vuosi 2022 Viikko 38;8778
Testausmäärä;Vuosi 2022 Viikko 38;28773
Koronaan ajallisesti liittyvät kuolemat (30 vrk), tartuntatautirekisteri;Vuosi 2022 Viikko 38;118
Koronasta johtuvat kuolemat, kuolintodistus (alustava tieto);Vuosi 2022 Viikko 38;55
Kuolemat joissa korona myötävaikuttavana tekijänä, kuolintodistus (alustava tieto);Vuosi 2022 Viikko 38;36
Tapausten lukumäärä;Vuosi 2022 Viikko 39;11143
Testausmäärä;Vuosi 2022 Viikko 39;31385
Koronaan ajallisesti liittyvät kuolemat (30 vrk), tartuntatautirekisteri;Vuosi 2022 Viikko 39;159
Koronasta johtuvat kuolemat, kuolintodistus (alustava tieto);Vuosi 2022 Viikko 39;72
Kuolemat joissa korona myötävaikuttavana tekijänä, kuolintodistus (alustava tieto);Vuosi 2022 Viikko 39;52
Tapausten lukumäärä;Vuosi 2022 Viikko 40;13296
Testausmäärä;Vuosi 2022 Viikko 40;35673
Koronaan ajallisesti liittyvät kuolemat (30 vrk), tartuntatautirekisteri;Vuosi 2022 Viikko 40;193
Koronasta johtuvat kuolemat, kuolintodistus (alustava tieto);Vuosi 2022 Viikko 40;74
Kuolemat joissa korona myötävaikuttavana tekijänä, kuolintodistus (alustava tieto);Vuosi 2022 Viikko 40;45
Tapausten lukumäärä;Vuosi 2022 Viikko 41;13966
Testausmäärä;Vuosi 2022 Viikko 41;37607
Koronaan ajallisesti liittyvät kuolemat (30 vrk), tartuntatautirekisteri;Vuosi 2022 Viikko 41;220
Koronasta johtuvat kuolemat, kuolintodistus (alustava tieto);Vuosi 2022 Viikko 41;95
Kuolemat joissa korona myötävaikuttavana tekijänä, kuolintodistus (alustava tieto);Vuosi 2022 Viikko 41;73
Tapausten lukumäärä;Vuosi 2022 Viikko 42;12870
Testausmäärä;Vuosi 2022 Viikko 42;36370
Koronaan ajallisesti liittyvät kuolemat (30 vrk), tartuntatautirekisteri;Vuosi 2022 Viikko 42;180
Koronasta johtuvat kuolemat, kuolintodistus (alustava tieto);Vuosi 2022 Viikko 42;96
Kuolemat joissa korona myötävaikuttavana tekijänä, kuolintodistus (alustava tieto);Vuosi 2022 Viikko 42;68
Tapausten lukumäärä;Vuosi 2022 Viikko 43;12728
Testausmäärä;Vuosi 2022 Viikko 43;33430
Koronaan ajallisesti liittyvät kuolemat (30 vrk), tartuntatautirekisteri;Vuosi 2022 Viikko 43;182
Koronasta johtuvat kuolemat, kuolintodistus (alustava tieto);Vuosi 2022 Viikko 43;108
Kuolemat joissa korona myötävaikuttavana tekijänä, kuolintodistus (alustava tieto);Vuosi 2022 Viikko 43;90
Tapausten lukumäärä;Vuosi 2022 Viikko 44;12054
Testausmäärä;Vuosi 2022 Viikko 44;36098
Koronaan ajallisesti liittyvät kuolemat (30 vrk), tartuntatautirekisteri;Vuosi 2022 Viikko 44;202
Koronasta johtuvat kuolemat, kuolintodistus (alustava tieto);Vuosi 2022 Viikko 44;114
Kuolemat joissa korona myötävaikuttavana tekijänä, kuolintodistus (alustava tieto);Vuosi 2022 Viikko 44;83
Tapausten lukumäärä;Vuosi 2022 Viikko 45;12420
Testausmäärä;Vuosi 2022 Viikko 45;37901
Koronaan ajallisesti liittyvät kuolemat (30 vrk), tartuntatautirekisteri;Vuosi 2022 Viikko 45;187
Koronasta johtuvat kuolemat, kuolintodistus (alustava tieto);Vuosi 2022 Viikko 45;106
Kuolemat joissa korona myötävaikuttavana tekijänä, kuolintodistus (alustava tieto);Vuosi 2022 Viikko 45;75
Tapausten lukumäärä;Vuosi 2022 Viikko 46;11834
Testausmäärä;Vuosi 2022 Viikko 46;34544
Koronaan ajallisesti liittyvät kuolemat (30 vrk), tartuntatautirekisteri;Vuosi 2022 Viikko 46;163
Koronasta johtuvat kuolemat, kuolintodistus (alustava tieto);Vuosi 2022 Viikko 46;96
Kuolemat joissa korona myötävaikuttavana tekijänä, kuolintodistus (alustava tieto);Vuosi 2022 Viikko 46;74
Tapausten lukumäärä;Vuosi 2022 Viikko 47;11718
Testausmäärä;Vuosi 2022 Viikko 47;36609
Koronaan ajallisesti liittyvät kuolemat (30 vrk), tartuntatautirekisteri;Vuosi 2022 Viikko 47;150
Koronasta johtuvat kuolemat, kuolintodistus (alustava tieto);Vuosi 2022 Viikko 47;86
Kuolemat joissa korona myötävaikuttavana tekijänä, kuolintodistus (alustava tieto);Vuosi 2022 Viikko 47;82
Tapausten lukumäärä;Vuosi 2022 Viikko 48;11793
Testausmäärä;Vuosi 2022 Viikko 48;36327
Koronaan ajallisesti liittyvät kuolemat (30 vrk), tartuntatautirekisteri;Vuosi 2022 Viikko 48;155
Koronasta johtuvat kuolemat, kuolintodistus (alustava tieto);Vuosi 2022 Viikko 48;85
Kuolemat joissa korona myötävaikuttavana tekijänä, kuolintodistus (alustava tieto);Vuosi 2022 Viikko 48;68
Tapausten lukumäärä;Vuosi 2022 Viikko 49;11647
Testausmäärä;Vuosi 2022 Viikko 49;37240
Koronaan ajallisesti liittyvät kuolemat (30 vrk), tartuntatautirekisteri;Vuosi 2022 Viikko 49;166
Koronasta johtuvat kuolemat, kuolintodistus (alustava tieto);Vuosi 2022 Viikko 49;82
Kuolemat joissa korona myötävaikuttavana tekijänä, kuolintodistus (alustava tieto);Vuosi 2022 Viikko 49;71
Tapausten lukumäärä;Vuosi 2022 Viikko 50;9786
Testausmäärä;Vuosi 2022 Viikko 50;33344
Koronaan ajallisesti liittyvät kuolemat (30 vrk), tartuntatautirekisteri;Vuosi 2022 Viikko 50;142
Koronasta johtuvat kuolemat, kuolintodistus (alustava tieto);Vuosi 2022 Viikko 50;75
Kuolemat joissa korona myötävaikuttavana tekijänä, kuolintodistus (alustava tieto);Vuosi 2022 Viikko 50;81
Tapausten lukumäärä;Vuosi 2022 Viikko 51;5057
Testausmäärä;Vuosi 2022 Viikko 51;26794
Koronaan ajallisesti liittyvät kuolemat (30 vrk), tartuntatautirekisteri;Vuosi 2022 Viikko 51;134
Koronasta johtuvat kuolemat, kuolintodistus (alustava tieto);Vuosi 2022 Viikko 51;72
Kuolemat joissa korona myötävaikuttavana tekijänä, kuolintodistus (alustava tieto);Vuosi 2022 Viikko 51;76
Tapausten lukumäärä;Vuosi 2022 Viikko 52;4564
Testausmäärä;Vuosi 2022 Viikko 52;22449
Koronaan ajallisesti liittyvät kuolemat (30 vrk), tartuntatautirekisteri;Vuosi 2022 Viikko 52;128
Koronasta johtuvat kuolemat, kuolintodistus (alustava tieto);Vuosi 2022 Viikko 52;89
Kuolemat joissa korona myötävaikuttavana tekijänä, kuolintodistus (alustava tieto);Vuosi 2022 Viikko 52;64
Tapausten lukumäärä;Vuosi 2023 Viikko 01;2015
Testausmäärä;Vuosi 2023 Viikko 01;15025
Koronaan ajallisesti liittyvät kuolemat (30 vrk), tartuntatautirekisteri;Vuosi 2023 Viikko 01;109
Koronasta johtuvat kuolemat, kuolintodistus (alustava tieto);Vuosi 2023 Viikko 01;64
Kuolemat joissa korona myötävaikuttavana tekijänä, kuolintodistus (alustava tieto);Vuosi 2023 Viikko 01;59
Tapausten lukumäärä;Vuosi 2023 Viikko 02;1288
Testausmäärä;Vuosi 2023 Viikko 02;11583
Koronaan ajallisesti liittyvät kuolemat (30 vrk), tartuntatautirekisteri;Vuosi 2023 Viikko 02;59
Koronasta johtuvat kuolemat, kuolintodistus (alustava tieto);Vuosi 2023 Viikko 02;41
Kuolemat joissa korona myötävaikuttavana tekijänä, kuolintodistus (alustava tieto);Vuosi 2023 Viikko 02;60
Tapausten lukumäärä;Vuosi 2023 Viikko 03;809
Testausmäärä;Vuosi 2023 Viikko 03;9651
Koronaan ajallisesti liittyvät kuolemat (30 vrk), tartuntatautirekisteri;Vuosi 2023 Viikko 03;41
Koronasta johtuvat kuolemat, kuolintodistus (alustava tieto);Vuosi 2023 Viikko 03;30
Kuolemat joissa korona myötävaikuttavana tekijänä, kuolintodistus (alustava tieto);Vuosi 2023 Viikko 03;36
Tapausten lukumäärä;Vuosi 2023 Viikko 04;675
Testausmäärä;Vuosi 2023 Viikko 04;9104
Koronaan ajallisesti liittyvät kuolemat (30 vrk), tartuntatautirekisteri;Vuosi 2023 Viikko 04;34
Koronasta johtuvat kuolemat, kuolintodistus (alustava tieto);Vuosi 2023 Viikko 04;25
Kuolemat joissa korona myötävaikuttavana tekijänä, kuolintodistus (alustava tieto);Vuosi 2023 Viikko 04;30
Tapausten lukumäärä;Vuosi 2023 Viikko 05;610
Testausmäärä;Vuosi 2023 Viikko 05;5234
Koronaan ajallisesti liittyvät kuolemat (30 vrk), tartuntatautirekisteri;Vuosi 2023 Viikko 05;29
Koronasta johtuvat kuolemat, kuolintodistus (alustava tieto);Vuosi 2023 Viikko 05;16
Kuolemat joissa korona myötävaikuttavana tekijänä, kuolintodistus (alustava tieto);Vuosi 2023 Viikko 05;24
Tapausten lukumäärä;Vuosi 2023 Viikko 06;573
Testausmäärä;Vuosi 2023 Viikko 06;10259
Koronaan ajallisesti liittyvät kuolemat (30 vrk), tartuntatautirekisteri;Vuosi 2023 Viikko 06;21
Koronasta johtuvat kuolemat, kuolintodistus (alustava tieto);Vuosi 2023 Viikko 06;10
Kuolemat joissa korona myötävaikuttavana tekijänä, kuolintodistus (alustava tieto);Vuosi 2023 Viikko 06;15
Tapausten lukumäärä;Vuosi 2023 Viikko 07;590
Testausmäärä;Vuosi 2023 Viikko 07;6609
Koronaan ajallisesti liittyvät kuolemat (30 vrk), tartuntatautirekisteri;Vuosi 2023 Viikko 07;34
Koronasta johtuvat kuolemat, kuolintodistus (alustava tieto);Vuosi 2023 Viikko 07;14
Kuolemat joissa korona myötävaikuttavana tekijänä, kuolintodistus (alustava tieto);Vuosi 2023 Viikko 07;16
Tapausten lukumäärä;Vuosi 2023 Viikko 08;666
Testausmäärä;Vuosi 2023 Viikko 08;4359
Koronaan ajallisesti liittyvät kuolemat (30 vrk), tartuntatautirekisteri;Vuosi 2023 Viikko 08;35
Koronasta johtuvat kuolemat, kuolintodistus (alustava tieto);Vuosi 2023 Viikko 08;11
Kuolemat joissa korona myötävaikuttavana tekijänä, kuolintodistus (alustava tieto);Vuosi 2023 Viikko 08;9
Tapausten lukumäärä;Vuosi 2023 Viikko 09;732
Testausmäärä;Vuosi 2023 Viikko 09;4334
Koronaan ajallisesti liittyvät kuolemat (30 vrk), tartuntatautirekisteri;Vuosi 2023 Viikko 09;29
Koronasta johtuvat kuolemat, kuolintodistus (alustava tieto);Vuosi 2023 Viikko 09;16
Kuolemat joissa korona myötävaikuttavana tekijänä, kuolintodistus (alustava tieto);Vuosi 2023 Viikko 09;13
Tapausten lukumäärä;Vuosi 2023 Viikko 10;771
Testausmäärä;Vuosi 2023 Viikko 10;4160
Koronaan ajallisesti liittyvät kuolemat (30 vrk), tartuntatautirekisteri;Vuosi 2023 Viikko 10;36
Koronasta johtuvat kuolemat, kuolintodistus (alustava tieto);Vuosi 2023 Viikko 10;19
Kuolemat joissa korona myötävaikuttavana tekijänä, kuolintodistus (alustava tieto);Vuosi 2023 Viikko 10;12
Tapausten lukumäärä;Vuosi 2023 Viikko 11;1026
Testausmäärä;Vuosi 2023 Viikko 11;4213
Koronaan ajallisesti liittyvät kuolemat (30 vrk), tartuntatautirekisteri;Vuosi 2023 Viikko 11;43
Koronasta johtuvat kuolemat, kuolintodistus (alustava tieto);Vuosi 2023 Viikko 11;8
Kuolemat joissa korona myötävaikuttavana tekijänä, kuolintodistus (alustava tieto);Vuosi 2023 Viikko 11;10
Tapausten lukumäärä;Vuosi 2023 Viikko 12;1288
Testausmäärä;Vuosi 2023 Viikko 12;4215
Koronaan ajallisesti liittyvät kuolemat (30 vrk), tartuntatautirekisteri;Vuosi 2023 Viikko 12;65
Koronasta johtuvat kuolemat, kuolintodistus (alustava tieto);Vuosi 2023 Viikko 12;21
Kuolemat joissa korona myötävaikuttavana tekijänä, kuolintodistus (alustava tieto);Vuosi 2023 Viikko 12;9
Tapausten lukumäärä;Vuosi 2023 Viikko 13;1462
Testausmäärä;Vuosi 2023 Viikko 13;4200
Koronaan ajallisesti liittyvät kuolemat (30 vrk), tartuntatautirekisteri;Vuosi 2023 Viikko 13;75
Koronasta johtuvat kuolemat, kuolintodistus (alustava tieto);Vuosi 2023 Viikko 13;22
Kuolemat joissa korona myötävaikuttavana tekijänä, kuolintodistus (alustava tieto);Vuosi 2023 Viikko 13;19
Tapausten lukumäärä;Vuosi 2023 Viikko 14;1418
Testausmäärä;Vuosi 2023 Viikko 14;4084
Koronaan ajallisesti liittyvät kuolemat (30 vrk), tartuntatautirekisteri;Vuosi 2023 Viikko 14;69
Koronasta johtuvat kuolemat, kuolintodistus (alustava tieto);Vuosi 2023 Viikko 14;40
Kuolemat joissa korona myötävaikuttavana tekijänä, kuolintodistus (alustava tieto);Vuosi 2023 Viikko 14;20
Tapausten lukumäärä;Vuosi 2023 Viikko 15;2020
Testausmäärä;Vuosi 2023 Viikko 15;4459
Koronaan ajallisesti liittyvät kuolemat (30 vrk), tartuntatautirekisteri;Vuosi 2023 Viikko 15;101
Koronasta johtuvat kuolemat, kuolintodistus (alustava tieto);Vuosi 2023 Viikko 15;44
Kuolemat joissa korona myötävaikuttavana tekijänä, kuolintodistus (alustava tieto);Vuosi 2023 Viikko 15;23
Tapausten lukumäärä;Vuosi 2023 Viikko 16;1858
Testausmäärä;Vuosi 2023 Viikko 16;4389
Koronaan ajallisesti liittyvät kuolemat (30 vrk), tartuntatautirekisteri;Vuosi 2023 Viikko 16;103
Koronasta johtuvat kuolemat, kuolintodistus (alustava tieto);Vuosi 2023 Viikko 16;46
Kuolemat joissa korona myötävaikuttavana tekijänä, kuolintodistus (alustava tieto);Vuosi 2023 Viikko 16;35
Tapausten lukumäärä;Vuosi 2023 Viikko 17;1743
Testausmäärä;Vuosi 2023 Viikko 17;4061
Koronaan ajallisesti liittyvät kuolemat (30 vrk), tartuntatautirekisteri;Vuosi 2023 Viikko 17;92
Koronasta johtuvat kuolemat, kuolintodistus (alustava tieto);Vuosi 2023 Viikko 17;53
Kuolemat joissa korona myötävaikuttavana tekijänä, kuolintodistus (alustava tieto);Vuosi 2023 Viikko 17;40
Tapausten lukumäärä;Vuosi 2023 Viikko 18;1713
Testausmäärä;Vuosi 2023 Viikko 18;3910
Koronaan ajallisesti liittyvät kuolemat (30 vrk), tartuntatautirekisteri;Vuosi 2023 Viikko 18;90
Koronasta johtuvat kuolemat, kuolintodistus (alustava tieto);Vuosi 2023 Viikko 18;49
Kuolemat joissa korona myötävaikuttavana tekijänä, kuolintodistus (alustava tieto);Vuosi 2023 Viikko 18;38
Tapausten lukumäärä;Vuosi 2023 Viikko 19;1451
Testausmäärä;Vuosi 2023 Viikko 19;3539
Koronaan ajallisesti liittyvät kuolemat (30 vrk), tartuntatautirekisteri;Vuosi 2023 Viikko 19;95
Koronasta johtuvat kuolemat, kuolintodistus (alustava tieto);Vuosi 2023 Viikko 19;51
Kuolemat joissa korona myötävaikuttavana tekijänä, kuolintodistus (alustava tieto);Vuosi 2023 Viikko 19;39
Tapausten lukumäärä;Vuosi 2023 Viikko 20;1158
Testausmäärä;Vuosi 2023 Viikko 20;3253
Koronaan ajallisesti liittyvät kuolemat (30 vrk), tartuntatautirekisteri;Vuosi 2023 Viikko 20;77
Koronasta johtuvat kuolemat, kuolintodistus (alustava tieto);Vuosi 2023 Viikko 20;38
Kuolemat joissa korona myötävaikuttavana tekijänä, kuolintodistus (alustava tieto);Vuosi 2023 Viikko 20;20
Tapausten lukumäärä;Vuosi 2023 Viikko 21;818
Testausmäärä;Vuosi 2023 Viikko 21;2610
Koronaan ajallisesti liittyvät kuolemat (30 vrk), tartuntatautirekisteri;Vuosi 2023 Viikko 21;50
Koronasta johtuvat kuolemat, kuolintodistus (alustava tieto);Vuosi 2023 Viikko 21;29
Kuolemat joissa korona myötävaikuttavana tekijänä, kuolintodistus (alustava tieto);Vuosi 2023 Viikko 21;20
Tapausten lukumäärä;Vuosi 2023 Viikko 22;624
Testausmäärä;Vuosi 2023 Viikko 22;2085
Koronaan ajallisesti liittyvät kuolemat (30 vrk), tartuntatautirekisteri;Vuosi 2023 Viikko 22;31
Koronasta johtuvat kuolemat, kuolintodistus (alustava tieto);Vuosi 2023 Viikko 22;32
Kuolemat joissa korona myötävaikuttavana tekijänä, kuolintodistus (alustava tieto);Vuosi 2023 Viikko 22;32
Tapausten lukumäärä;Vuosi 2023 Viikko 23;593
Testausmäärä;Vuosi 2023 Viikko 23;1554
Koronaan ajallisesti liittyvät kuolemat (30 vrk), tartuntatautirekisteri;Vuosi 2023 Viikko 23;44
Koronasta johtuvat kuolemat, kuolintodistus (alustava tieto);Vuosi 2023 Viikko 23;29
Kuolemat joissa korona myötävaikuttavana tekijänä, kuolintodistus (alustava tieto);Vuosi 2023 Viikko 23;18
Tapausten lukumäärä;Vuosi 2023 Viikko 24;662
Testausmäärä;Vuosi 2023 Viikko 24;41
Koronaan ajallisesti liittyvät kuolemat (30 vrk), tartuntatautirekisteri;Vuosi 2023 Viikko 24;60
Koronasta johtuvat kuolemat, kuolintodistus (alustava tieto);Vuosi 2023 Viikko 24;18
Kuolemat joissa korona myötävaikuttavana tekijänä, kuolintodistus (alustava tieto);Vuosi 2023 Viikko 24;20
Tapausten lukumäärä;Vuosi 2023 Viikko 25;365
Testausmäärä;Vuosi 2023 Viikko 25;0
Koronaan ajallisesti liittyvät kuolemat (30 vrk), tartuntatautirekisteri;Vuosi 2023 Viikko 25;27
Koronasta johtuvat kuolemat, kuolintodistus (alustava tieto);Vuosi 2023 Viikko 25;26
Kuolemat joissa korona myötävaikuttavana tekijänä, kuolintodistus (alustava tieto);Vuosi 2023 Viikko 25;15
Tapausten lukumäärä;Vuosi 2023 Viikko 26;279
Testausmäärä;Vuosi 2023 Viikko 26;0
Koronaan ajallisesti liittyvät kuolemat (30 vrk), tartuntatautirekisteri;Vuosi 2023 Viikko 26;25
Koronasta johtuvat kuolemat, kuolintodistus (alustava tieto);Vuosi 2023 Viikko 26;14
Kuolemat joissa korona myötävaikuttavana tekijänä, kuolintodistus (alustava tieto);Vuosi 2023 Viikko 26;19
Tapausten lukumäärä;Vuosi 2023 Viikko 27;203
Testausmäärä;Vuosi 2023 Viikko 27;0
Koronaan ajallisesti liittyvät kuolemat (30 vrk), tartuntatautirekisteri;Vuosi 2023 Viikko 27;14
Koronasta johtuvat kuolemat, kuolintodistus (alustava tieto);Vuosi 2023 Viikko 27;13
Kuolemat joissa korona myötävaikuttavana tekijänä, kuolintodistus (alustava tieto);Vuosi 2023 Viikko 27;11
Tapausten lukumäärä;Vuosi 2023 Viikko 28;169
Testausmäärä;Vuosi 2023 Viikko 28;0
Koronaan ajallisesti liittyvät kuolemat (30 vrk), tartuntatautirekisteri;Vuosi 2023 Viikko 28;12
Koronasta johtuvat kuolemat, kuolintodistus (alustava tieto);Vuosi 2023 Viikko 28;11
Kuolemat joissa korona myötävaikuttavana tekijänä, kuolintodistus (alustava tieto);Vuosi 2023 Viikko 28;10
Tapausten lukumäärä;Vuosi 2023 Viikko 29;161
Testausmäärä;Vuosi 2023 Viikko 29;0
Koronaan ajallisesti liittyvät kuolemat (30 vrk), tartuntatautirekisteri;Vuosi 2023 Viikko 29;13
Koronasta johtuvat kuolemat, kuolintodistus (alustava tieto);Vuosi 2023 Viikko 29;8
Kuolemat joissa korona myötävaikuttavana tekijänä, kuolintodistus (alustava tieto);Vuosi 2023 Viikko 29;13
Tapausten lukumäärä;Vuosi 2023 Viikko 30;176
Testausmäärä;Vuosi 2023 Viikko 30;0
Koronaan ajallisesti liittyvät kuolemat (30 vrk), tartuntatautirekisteri;Vuosi 2023 Viikko 30;16
Koronasta johtuvat kuolemat, kuolintodistus (alustava tieto);Vuosi 2023 Viikko 30;5
Kuolemat joissa korona myötävaikuttavana tekijänä, kuolintodistus (alustava tieto);Vuosi 2023 Viikko 30;5
Tapausten lukumäärä;Vuosi 2023 Viikko 31;173
Testausmäärä;Vuosi 2023 Viikko 31;0
Koronaan ajallisesti liittyvät kuolemat (30 vrk), tartuntatautirekisteri;Vuosi 2023 Viikko 31;12
Koronasta johtuvat kuolemat, kuolintodistus (alustava tieto);Vuosi 2023 Viikko 31;5
Kuolemat joissa korona myötävaikuttavana tekijänä, kuolintodistus (alustava tieto);Vuosi 2023 Viikko 31;8
Tapausten lukumäärä;Vuosi 2023 Viikko 32;217
Testausmäärä;Vuosi 2023 Viikko 32;0
Koronaan ajallisesti liittyvät kuolemat (30 vrk), tartuntatautirekisteri;Vuosi 2023 Viikko 32;16
Koronasta johtuvat kuolemat, kuolintodistus (alustava tieto);Vuosi 2023 Viikko 32;6
Kuolemat joissa korona myötävaikuttavana tekijänä, kuolintodistus (alustava tieto);Vuosi 2023 Viikko 32;5
Tapausten lukumäärä;Vuosi 2023 Viikko 33;243
Testausmäärä;Vuosi 2023 Viikko 33;0
Koronaan ajallisesti liittyvät kuolemat (30 vrk), tartuntatautirekisteri;Vuosi 2023 Viikko 33;17
Koronasta johtuvat kuolemat, kuolintodistus (alustava tieto);Vuosi 2023 Viikko 33;6
Kuolemat joissa korona myötävaikuttavana tekijänä, kuolintodistus (alustava tieto);Vuosi 2023 Viikko 33;7
Tapausten lukumäärä;Vuosi 2023 Viikko 34;292
Testausmäärä;Vuosi 2023 Viikko 34;0
Koronaan ajallisesti liittyvät kuolemat (30 vrk), tartuntatautirekisteri;Vuosi 2023 Viikko 34;21
Koronasta johtuvat kuolemat, kuolintodistus (alustava tieto);Vuosi 2023 Viikko 34;11
Kuolemat joissa korona myötävaikuttavana tekijänä, kuolintodistus (alustava tieto);Vuosi 2023 Viikko 34;5
Tapausten lukumäärä;Vuosi 2023 Viikko 35;302
Testausmäärä;Vuosi 2023 Viikko 35;0
Koronaan ajallisesti liittyvät kuolemat (30 vrk), tartuntatautirekisteri;Vuosi 2023 Viikko 35;16
Koronasta johtuvat kuolemat, kuolintodistus (alustava tieto);Vuosi 2023 Viikko 35;15
Kuolemat joissa korona myötävaikuttavana tekijänä, kuolintodistus (alustava tieto);Vuosi 2023 Viikko 35;4
Tapausten lukumäärä;Vuosi 2023 Viikko 36;419
Testausmäärä;Vuosi 2023 Viikko 36;0
Koronaan ajallisesti liittyvät kuolemat (30 vrk), tartuntatautirekisteri;Vuosi 2023 Viikko 36;32
Koronasta johtuvat kuolemat, kuolintodistus (alustava tieto);Vuosi 2023 Viikko 36;5
Kuolemat joissa korona myötävaikuttavana tekijänä, kuolintodistus (alustava tieto);Vuosi 2023 Viikko 36;12
Tapausten lukumäärä;Vuosi 2023 Viikko 37;455
Testausmäärä;Vuosi 2023 Viikko 37;0
Koronaan ajallisesti liittyvät kuolemat (30 vrk), tartuntatautirekisteri;Vuosi 2023 Viikko 37;28
Koronasta johtuvat kuolemat, kuolintodistus (alustava tieto);Vuosi 2023 Viikko 37;18
Kuolemat joissa korona myötävaikuttavana tekijänä, kuolintodistus (alustava tieto);Vuosi 2023 Viikko 37;12
Tapausten lukumäärä;Vuosi 2023 Viikko 38;556
Testausmäärä;Vuosi 2023 Viikko 38;0
Koronaan ajallisesti liittyvät kuolemat (30 vrk), tartuntatautirekisteri;Vuosi 2023 Viikko 38;31
Koronasta johtuvat kuolemat, kuolintodistus (alustava tieto);Vuosi 2023 Viikko 38;18
Kuolemat joissa korona myötävaikuttavana tekijänä, kuolintodistus (alustava tieto);Vuosi 2023 Viikko 38;12
Tapausten lukumäärä;Vuosi 2023 Viikko 39;564
Testausmäärä;Vuosi 2023 Viikko 39;0
Koronaan ajallisesti liittyvät kuolemat (30 vrk), tartuntatautirekisteri;Vuosi 2023 Viikko 39;49
Koronasta johtuvat kuolemat, kuolintodistus (alustava tieto);Vuosi 2023 Viikko 39;11
Kuolemat joissa korona myötävaikuttavana tekijänä, kuolintodistus (alustava tieto);Vuosi 2023 Viikko 39;10
Tapausten lukumäärä;Vuosi 2023 Viikko 40;689
Testausmäärä;Vuosi 2023 Viikko 40;0
Koronaan ajallisesti liittyvät kuolemat (30 vrk), tartuntatautirekisteri;Vuosi 2023 Viikko 40;60
Koronasta johtuvat kuolemat, kuolintodistus (alustava tieto);Vuosi 2023 Viikko 40;30
Kuolemat joissa korona myötävaikuttavana tekijänä, kuolintodistus (alustava tieto);Vuosi 2023 Viikko 40;10
Tapausten lukumäärä;Vuosi 2023 Viikko 41;1094
Testausmäärä;Vuosi 2023 Viikko 41;0
Koronaan ajallisesti liittyvät kuolemat (30 vrk), tartuntatautirekisteri;Vuosi 2023 Viikko 41;98
Koronasta johtuvat kuolemat, kuolintodistus (alustava tieto);Vuosi 2023 Viikko 41;35
Kuolemat joissa korona myötävaikuttavana tekijänä, kuolintodistus (alustava tieto);Vuosi 2023 Viikko 41;23
Tapausten lukumäärä;Vuosi 2023 Viikko 42;1577
Testausmäärä;Vuosi 2023 Viikko 42;0
Koronaan ajallisesti liittyvät kuolemat (30 vrk), tartuntatautirekisteri;Vuosi 2023 Viikko 42;131
Koronasta johtuvat kuolemat, kuolintodistus (alustava tieto);Vuosi 2023 Viikko 42;46
Kuolemat joissa korona myötävaikuttavana tekijänä, kuolintodistus (alustava tieto);Vuosi 2023 Viikko 42;31
Tapausten lukumäärä;Vuosi 2023 Viikko 43;2447
Testausmäärä;Vuosi 2023 Viikko 43;0
Koronaan ajallisesti liittyvät kuolemat (30 vrk), tartuntatautirekisteri;Vuosi 2023 Viikko 43;159
Koronasta johtuvat kuolemat, kuolintodistus (alustava tieto);Vuosi 2023 Viikko 43;61
Kuolemat joissa korona myötävaikuttavana tekijänä, kuolintodistus (alustava tieto);Vuosi 2023 Viikko 43;49
Tapausten lukumäärä;Vuosi 2023 Viikko 44;3355
Testausmäärä;Vuosi 2023 Viikko 44;0
Koronaan ajallisesti liittyvät kuolemat (30 vrk), tartuntatautirekisteri;Vuosi 2023 Viikko 44;211
Koronasta johtuvat kuolemat, kuolintodistus (alustava tieto);Vuosi 2023 Viikko 44;99
Kuolemat joissa korona myötävaikuttavana tekijänä, kuolintodistus (alustava tieto);Vuosi 2023 Viikko 44;61
Tapausten lukumäärä;Vuosi 2023 Viikko 45;3781
Testausmäärä;Vuosi 2023 Viikko 45;0
Koronaan ajallisesti liittyvät kuolemat (30 vrk), tartuntatautirekisteri;Vuosi 2023 Viikko 45;236
Koronasta johtuvat kuolemat, kuolintodistus (alustava tieto);Vuosi 2023 Viikko 45;144
Kuolemat joissa korona myötävaikuttavana tekijänä, kuolintodistus (alustava tieto);Vuosi 2023 Viikko 45;84
Tapausten lukumäärä;Vuosi 2023 Viikko 46;3281
Testausmäärä;Vuosi 2023 Viikko 46;0
Koronaan ajallisesti liittyvät kuolemat (30 vrk), tartuntatautirekisteri;Vuosi 2023 Viikko 46;150
Koronasta johtuvat kuolemat, kuolintodistus (alustava tieto);Vuosi 2023 Viikko 46;143
Kuolemat joissa korona myötävaikuttavana tekijänä, kuolintodistus (alustava tieto);Vuosi 2023 Viikko 46;104
Tapausten lukumäärä;Vuosi 2023 Viikko 47;2520
Testausmäärä;Vuosi 2023 Viikko 47;0
Koronaan ajallisesti liittyvät kuolemat (30 vrk), tartuntatautirekisteri;Vuosi 2023 Viikko 47;140
Koronasta johtuvat kuolemat, kuolintodistus (alustava tieto);Vuosi 2023 Viikko 47;127
Kuolemat joissa korona myötävaikuttavana tekijänä, kuolintodistus (alustava tieto);Vuosi 2023 Viikko 47;101
Tapausten lukumäärä;Vuosi 2023 Viikko 48;1870
Testausmäärä;Vuosi 2023 Viikko 48;0
Koronaan ajallisesti liittyvät kuolemat (30 vrk), tartuntatautirekisteri;Vuosi 2023 Viikko 48;100
Koronasta johtuvat kuolemat, kuolintodistus (alustava tieto);Vuosi 2023 Viikko 48;107
Kuolemat joissa korona myötävaikuttavana tekijänä, kuolintodistus (alustava tieto);Vuosi 2023 Viikko 48;88
Tapausten lukumäärä;Vuosi 2023 Viikko 49;1630
Testausmäärä;Vuosi 2023 Viikko 49;0
Koronaan ajallisesti liittyvät kuolemat (30 vrk), tartuntatautirekisteri;Vuosi 2023 Viikko 49;72
Koronasta johtuvat kuolemat, kuolintodistus (alustava tieto);Vuosi 2023 Viikko 49;83
Kuolemat joissa korona myötävaikuttavana tekijänä, kuolintodistus (alustava tieto);Vuosi 2023 Viikko 49;74
Tapausten lukumäärä;Vuosi 2023 Viikko 50;1509
Testausmäärä;Vuosi 2023 Viikko 50;0
Koronaan ajallisesti liittyvät kuolemat (30 vrk), tartuntatautirekisteri;Vuosi 2023 Viikko 50;77
Koronasta johtuvat kuolemat, kuolintodistus (alustava tieto);Vuosi 2023 Viikko 50;53
Kuolemat joissa korona myötävaikuttavana tekijänä, kuolintodistus (alustava tieto);Vuosi 2023 Viikko 50;69
Tapausten lukumäärä;Vuosi 2023 Viikko 51;1222
Testausmäärä;Vuosi 2023 Viikko 51;0
Koronaan ajallisesti liittyvät kuolemat (30 vrk), tartuntatautirekisteri;Vuosi 2023 Viikko 51;44
Koronasta johtuvat kuolemat, kuolintodistus (alustava tieto);Vuosi 2023 Viikko 51;51
Kuolemat joissa korona myötävaikuttavana tekijänä, kuolintodistus (alustava tieto);Vuosi 2023 Viikko 51;47
Tapausten lukumäärä;Vuosi 2023 Viikko 52;1046
Testausmäärä;Vuosi 2023 Viikko 52;0
Koronaan ajallisesti liittyvät kuolemat (30 vrk), tartuntatautirekisteri;Vuosi 2023 Viikko 52;44
Koronasta johtuvat kuolemat, kuolintodistus (alustava tieto);Vuosi 2023 Viikko 52;42
Kuolemat joissa korona myötävaikuttavana tekijänä, kuolintodistus (alustava tieto);Vuosi 2023 Viikko 52;41
Tapausten lukumäärä;Vuosi 2024 Viikko 01;735
Testausmäärä;Vuosi 2024 Viikko 01;0
Koronaan ajallisesti liittyvät kuolemat (30 vrk), tartuntatautirekisteri;Vuosi 2024 Viikko 01;27
Koronasta johtuvat kuolemat, kuolintodistus (alustava tieto);Vuosi 2024 Viikko 01;34
Kuolemat joissa korona myötävaikuttavana tekijänä, kuolintodistus (alustava tieto);Vuosi 2024 Viikko 01;32
Tapausten lukumäärä;Vuosi 2024 Viikko 02;544
Testausmäärä;Vuosi 2024 Viikko 02;0
Koronaan ajallisesti liittyvät kuolemat (30 vrk), tartuntatautirekisteri;Vuosi 2024 Viikko 02;5
Koronasta johtuvat kuolemat, kuolintodistus (alustava tieto);Vuosi 2024 Viikko 02;28
Kuolemat joissa korona myötävaikuttavana tekijänä, kuolintodistus (alustava tieto);Vuosi 2024 Viikko 02;26
Tapausten lukumäärä;Vuosi 2024 Viikko 03;337
Testausmäärä;Vuosi 2024 Viikko 03;0
Koronaan ajallisesti liittyvät kuolemat (30 vrk), tartuntatautirekisteri;Vuosi 2024 Viikko 03;0
Koronasta johtuvat kuolemat, kuolintodistus (alustava tieto);Vuosi 2024 Viikko 03;22
Kuolemat joissa korona myötävaikuttavana tekijänä, kuolintodistus (alustava tieto);Vuosi 2024 Viikko 03;21
Tapausten lukumäärä;Vuosi 2024 Viikko 04;284
Testausmäärä;Vuosi 2024 Viikko 04;0
Koronaan ajallisesti liittyvät kuolemat (30 vrk), tartuntatautirekisteri;Vuosi 2024 Viikko 04;2
Koronasta johtuvat kuolemat, kuolintodistus (alustava tieto);Vuosi 2024 Viikko 04;12
Kuolemat joissa korona myötävaikuttavana tekijänä, kuolintodistus (alustava tieto);Vuosi 2024 Viikko 04;20
Tapausten lukumäärä;Vuosi 2024 Viikko 05;240
Testausmäärä;Vuosi 2024 Viikko 05;0
Koronaan ajallisesti liittyvät kuolemat (30 vrk), tartuntatautirekisteri;Vuosi 2024 Viikko 05;0
Koronasta johtuvat kuolemat, kuolintodistus (alustava tieto);Vuosi 2024 Viikko 05;8
Kuolemat joissa korona myötävaikuttavana tekijänä, kuolintodistus (alustava tieto);Vuosi 2024 Viikko 05;14
Tapausten lukumäärä;Vuosi 2024 Viikko 06;209
Testausmäärä;Vuosi 2024 Viikko 06;0
Koronaan ajallisesti liittyvät kuolemat (30 vrk), tartuntatautirekisteri;Vuosi 2024 Viikko 06;2
Koronasta johtuvat kuolemat, kuolintodistus (alustava tieto);Vuosi 2024 Viikko 06;4
Kuolemat joissa korona myötävaikuttavana tekijänä, kuolintodistus (alustava tieto);Vuosi 2024 Viikko 06;10
Tapausten lukumäärä;Vuosi 2024 Viikko 07;194
Testausmäärä;Vuosi 2024 Viikko 07;0
Koronaan ajallisesti liittyvät kuolemat (30 vrk), tartuntatautirekisteri;Vuosi 2024 Viikko 07;3
Koronasta johtuvat kuolemat, kuolintodistus (alustava tieto);Vuosi 2024 Viikko 07;1
Kuolemat joissa korona myötävaikuttavana tekijänä, kuolintodistus (alustava tieto);Vuosi 2024 Viikko 07;10
Tapausten lukumäärä;Vuosi 2024 Viikko 08;187
Testausmäärä;Vuosi 2024 Viikko 08;0
Koronaan ajallisesti liittyvät kuolemat (30 vrk), tartuntatautirekisteri;Vuosi 2024 Viikko 08;2
Koronasta johtuvat kuolemat, kuolintodistus (alustava tieto);Vuosi 2024 Viikko 08;7
Kuolemat joissa korona myötävaikuttavana tekijänä, kuolintodistus (alustava tieto);Vuosi 2024 Viikko 08;11
Tapausten lukumäärä;Vuosi 2024 Viikko 09;136
Testausmäärä;Vuosi 2024 Viikko 09;0
Koronaan ajallisesti liittyvät kuolemat (30 vrk), tartuntatautirekisteri;Vuosi 2024 Viikko 09;4
Koronasta johtuvat kuolemat, kuolintodistus (alustava tieto);Vuosi 2024 Viikko 09;4
Kuolemat joissa korona myötävaikuttavana tekijänä, kuolintodistus (alustava tieto);Vuosi 2024 Viikko 09;6
Tapausten lukumäärä;Vuosi 2024 Viikko 10;122
Testausmäärä;Vuosi 2024 Viikko 10;0
Koronaan ajallisesti liittyvät kuolemat (30 vrk), tartuntatautirekisteri;Vuosi 2024 Viikko 10;3
Koronasta johtuvat kuolemat, kuolintodistus (alustava tieto);Vuosi 2024 Viikko 10;5
Kuolemat joissa korona myötävaikuttavana tekijänä, kuolintodistus (alustava tieto);Vuosi 2024 Viikko 10;3
Tapausten lukumäärä;Vuosi 2024 Viikko 11;112
Testausmäärä;Vuosi 2024 Viikko 11;0
Koronaan ajallisesti liittyvät kuolemat (30 vrk), tartuntatautirekisteri;Vuosi 2024 Viikko 11;0
Koronasta johtuvat kuolemat, kuolintodistus (alustava tieto);Vuosi 2024 Viikko 11;6
Kuolemat joissa korona myötävaikuttavana tekijänä, kuolintodistus (alustava tieto);Vuosi 2024 Viikko 11;6
Tapausten lukumäärä;Vuosi 2024 Viikko 12;98
Testausmäärä;Vuosi 2024 Viikko 12;0
Koronaan ajallisesti liittyvät kuolemat (30 vrk), tartuntatautirekisteri;Vuosi 2024 Viikko 12;0
Koronasta johtuvat kuolemat, kuolintodistus (alustava tieto);Vuosi 2024 Viikko 12;3
Kuolemat joissa korona myötävaikuttavana tekijänä, kuolintodistus (alustava tieto);Vuosi 2024 Viikko 12;2
Tapausten lukumäärä;Vuosi 2024 Viikko 13;72
Testausmäärä;Vuosi 2024 Viikko 13;0
Koronaan ajallisesti liittyvät kuolemat (30 vrk), tartuntatautirekisteri;Vuosi 2024 Viikko 13;0
Koronasta johtuvat kuolemat, kuolintodistus (alustava tieto);Vuosi 2024 Viikko 13;0
Kuolemat joissa korona myötävaikuttavana tekijänä, kuolintodistus (alustava tieto);Vuosi 2024 Viikko 13;4
Tapausten lukumäärä;Vuosi 2024 Viikko 14;79
Testausmäärä;Vuosi 2024 Viikko 14;0
Koronaan ajallisesti liittyvät kuolemat (30 vrk), tartuntatautirekisteri;Vuosi 2024 Viikko 14;0
Koronasta johtuvat kuolemat, kuolintodistus (alustava tieto);Vuosi 2024 Viikko 14;2
Kuolemat joissa korona myötävaikuttavana tekijänä, kuolintodistus (alustava tieto);Vuosi 2024 Viikko 14;1
Tapausten lukumäärä;Vuosi 2024 Viikko 15;88
Testausmäärä;Vuosi 2024 Viikko 15;0
Koronaan ajallisesti liittyvät kuolemat (30 vrk), tartuntatautirekisteri;Vuosi 2024 Viikko 15;0
Koronasta johtuvat kuolemat, kuolintodistus (alustava tieto);Vuosi 2024 Viikko 15;3
Kuolemat joissa korona myötävaikuttavana tekijänä, kuolintodistus (alustava tieto);Vuosi 2024 Viikko 15;4
Tapausten lukumäärä;Vuosi 2024 Viikko 16;67
Testausmäärä;Vuosi 2024 Viikko 16;0
Koronaan ajallisesti liittyvät kuolemat (30 vrk), tartuntatautirekisteri;Vuosi 2024 Viikko 16;0
Koronasta johtuvat kuolemat, kuolintodistus (alustava tieto);Vuosi 2024 Viikko 16;0
Kuolemat joissa korona myötävaikuttavana tekijänä, kuolintodistus (alustava tieto);Vuosi 2024 Viikko 16;2
Tapausten lukumäärä;Vuosi 2024 Viikko 17;100
Testausmäärä;Vuosi 2024 Viikko 17;0
Koronaan ajallisesti liittyvät kuolemat (30 vrk), tartuntatautirekisteri;Vuosi 2024 Viikko 17;0
Koronasta johtuvat kuolemat, kuolintodistus (alustava tieto);Vuosi 2024 Viikko 17;1
Kuolemat joissa korona myötävaikuttavana tekijänä, kuolintodistus (alustava tieto);Vuosi 2024 Viikko 17;4
Tapausten lukumäärä;Vuosi 2024 Viikko 18;95
Testausmäärä;Vuosi 2024 Viikko 18;0
Koronaan ajallisesti liittyvät kuolemat (30 vrk), tartuntatautirekisteri;Vuosi 2024 Viikko 18;0
Koronasta johtuvat kuolemat, kuolintodistus (alustava tieto);Vuosi 2024 Viikko 18;0
Kuolemat joissa korona myötävaikuttavana tekijänä, kuolintodistus (alustava tieto);Vuosi 2024 Viikko 18;0
Tapausten lukumäärä;Vuosi 2024 Viikko 19;137
Testausmäärä;Vuosi 2024 Viikko 19;0
Koronaan ajallisesti liittyvät kuolemat (30 vrk), tartuntatautirekisteri;Vuosi 2024 Viikko 19;0
Koronasta johtuvat kuolemat, kuolintodistus (alustava tieto);Vuosi 2024 Viikko 19;0
Kuolemat joissa korona myötävaikuttavana tekijänä, kuolintodistus (alustava tieto);Vuosi 2024 Viikko 19;0
Tapausten lukumäärä;Vuosi 2024 Viikko 20;35
Testausmäärä;Vuosi 2024 Viikko 20;0
Koronaan ajallisesti liittyvät kuolemat (30 vrk), tartuntatautirekisteri;Vuosi 2024 Viikko 20;0
Koronasta johtuvat kuolemat, kuolintodistus (alustava tieto);Vuosi 2024 Viikko 20;0
Kuolemat joissa korona myötävaikuttavana tekijänä, kuolintodistus (alustava tieto);Vuosi 2024 Viikko 20;0
Tapausten lukumäärä;Kaikki ajat;1516711
Testausmäärä;Kaikki ajat;12108977
Koronaan ajallisesti liittyvät kuolemat (30 vrk), tartuntatautirekisteri;Kaikki ajat;11963
Koronasta johtuvat kuolemat, kuolintodistus (alustava tieto);Kaikki ajat;7303
Kuolemat joissa korona myötävaikuttavana tekijänä, kuolintodistus (alustava tieto);Kaikki ajat;4403
